filename_base,method,chunk_id,chunk_path,char_len,word_len,paragraph_idx
10_Semana_AI_20251007_1_GianmarcoOportaPerez_RedesNeuronalesConvolucionales,paragraphs,10_Semana_AI_20251007_1_GianmarcoOportaPerez_RedesNeuronalesConvolucionales-p-0001,chunks_paragraphs/10_Semana_AI_20251007_1_GianmarcoOportaPerez_RedesNeuronalesConvolucionales/chunk_0001.txt,1911,271,1
10_Semana_AI_20251007_1_GianmarcoOportaPerez_RedesNeuronalesConvolucionales,paragraphs,10_Semana_AI_20251007_1_GianmarcoOportaPerez_RedesNeuronalesConvolucionales-p-0002,chunks_paragraphs/10_Semana_AI_20251007_1_GianmarcoOportaPerez_RedesNeuronalesConvolucionales/chunk_0002.txt,1971,277,2
10_Semana_AI_20251007_1_GianmarcoOportaPerez_RedesNeuronalesConvolucionales,paragraphs,10_Semana_AI_20251007_1_GianmarcoOportaPerez_RedesNeuronalesConvolucionales-p-0003,chunks_paragraphs/10_Semana_AI_20251007_1_GianmarcoOportaPerez_RedesNeuronalesConvolucionales/chunk_0003.txt,320,46,3
10_Semana_AI_20251007_1_GianmarcoOportaPerez_RedesNeuronalesConvolucionales,paragraphs,10_Semana_AI_20251007_1_GianmarcoOportaPerez_RedesNeuronalesConvolucionales-p-0004,chunks_paragraphs/10_Semana_AI_20251007_1_GianmarcoOportaPerez_RedesNeuronalesConvolucionales/chunk_0004.txt,1913,275,4
10_Semana_AI_20251007_1_GianmarcoOportaPerez_RedesNeuronalesConvolucionales,paragraphs,10_Semana_AI_20251007_1_GianmarcoOportaPerez_RedesNeuronalesConvolucionales-p-0005,chunks_paragraphs/10_Semana_AI_20251007_1_GianmarcoOportaPerez_RedesNeuronalesConvolucionales/chunk_0005.txt,1336,184,5
10_Semana_AI_20251007_1_RodolfoDavidAcunaLopez_BackpropagationYConvNet,paragraphs,10_Semana_AI_20251007_1_RodolfoDavidAcunaLopez_BackpropagationYConvNet-p-0001,chunks_paragraphs/10_Semana_AI_20251007_1_RodolfoDavidAcunaLopez_BackpropagationYConvNet/chunk_0001.txt,1974,277,1
10_Semana_AI_20251007_1_RodolfoDavidAcunaLopez_BackpropagationYConvNet,paragraphs,10_Semana_AI_20251007_1_RodolfoDavidAcunaLopez_BackpropagationYConvNet-p-0002,chunks_paragraphs/10_Semana_AI_20251007_1_RodolfoDavidAcunaLopez_BackpropagationYConvNet/chunk_0002.txt,1902,274,2
10_Semana_AI_20251007_1_RodolfoDavidAcunaLopez_BackpropagationYConvNet,paragraphs,10_Semana_AI_20251007_1_RodolfoDavidAcunaLopez_BackpropagationYConvNet-p-0003,chunks_paragraphs/10_Semana_AI_20251007_1_RodolfoDavidAcunaLopez_BackpropagationYConvNet/chunk_0003.txt,179,34,3
10_Semana_AI_20251007_1_RodolfoDavidAcunaLopez_BackpropagationYConvNet,paragraphs,10_Semana_AI_20251007_1_RodolfoDavidAcunaLopez_BackpropagationYConvNet-p-0004,chunks_paragraphs/10_Semana_AI_20251007_1_RodolfoDavidAcunaLopez_BackpropagationYConvNet/chunk_0004.txt,1992,310,4
10_Semana_AI_20251007_1_RodolfoDavidAcunaLopez_BackpropagationYConvNet,paragraphs,10_Semana_AI_20251007_1_RodolfoDavidAcunaLopez_BackpropagationYConvNet-p-0005,chunks_paragraphs/10_Semana_AI_20251007_1_RodolfoDavidAcunaLopez_BackpropagationYConvNet/chunk_0005.txt,1976,340,5
10_Semana_AI_20251007_1_RodolfoDavidAcunaLopez_BackpropagationYConvNet,paragraphs,10_Semana_AI_20251007_1_RodolfoDavidAcunaLopez_BackpropagationYConvNet-p-0006,chunks_paragraphs/10_Semana_AI_20251007_1_RodolfoDavidAcunaLopez_BackpropagationYConvNet/chunk_0006.txt,336,61,6
10_Semana_AI_20251007_1_RodolfoDavidAcunaLopez_BackpropagationYConvNet,paragraphs,10_Semana_AI_20251007_1_RodolfoDavidAcunaLopez_BackpropagationYConvNet-p-0007,chunks_paragraphs/10_Semana_AI_20251007_1_RodolfoDavidAcunaLopez_BackpropagationYConvNet/chunk_0007.txt,1997,362,7
10_Semana_AI_20251007_1_RodolfoDavidAcunaLopez_BackpropagationYConvNet,paragraphs,10_Semana_AI_20251007_1_RodolfoDavidAcunaLopez_BackpropagationYConvNet-p-0008,chunks_paragraphs/10_Semana_AI_20251007_1_RodolfoDavidAcunaLopez_BackpropagationYConvNet/chunk_0008.txt,1882,323,8
10_Semana_AI_20251007_1_RodolfoDavidAcunaLopez_BackpropagationYConvNet,paragraphs,10_Semana_AI_20251007_1_RodolfoDavidAcunaLopez_BackpropagationYConvNet-p-0009,chunks_paragraphs/10_Semana_AI_20251007_1_RodolfoDavidAcunaLopez_BackpropagationYConvNet/chunk_0009.txt,159,28,9
10_Semana_AI_20251007_1_RodolfoDavidAcunaLopez_BackpropagationYConvNet,paragraphs,10_Semana_AI_20251007_1_RodolfoDavidAcunaLopez_BackpropagationYConvNet-p-0010,chunks_paragraphs/10_Semana_AI_20251007_1_RodolfoDavidAcunaLopez_BackpropagationYConvNet/chunk_0010.txt,614,101,10
10_Semana_AI_20251009_1_LuisFelipeCalderonPerez_CNNAlexNet,paragraphs,10_Semana_AI_20251009_1_LuisFelipeCalderonPerez_CNNAlexNet-p-0001,chunks_paragraphs/10_Semana_AI_20251009_1_LuisFelipeCalderonPerez_CNNAlexNet/chunk_0001.txt,1994,303,1
10_Semana_AI_20251009_1_LuisFelipeCalderonPerez_CNNAlexNet,paragraphs,10_Semana_AI_20251009_1_LuisFelipeCalderonPerez_CNNAlexNet-p-0002,chunks_paragraphs/10_Semana_AI_20251009_1_LuisFelipeCalderonPerez_CNNAlexNet/chunk_0002.txt,397,63,2
10_Semana_AI_20251009_1_LuisFelipeCalderonPerez_CNNAlexNet,paragraphs,10_Semana_AI_20251009_1_LuisFelipeCalderonPerez_CNNAlexNet-p-0003,chunks_paragraphs/10_Semana_AI_20251009_1_LuisFelipeCalderonPerez_CNNAlexNet/chunk_0003.txt,1889,298,3
10_Semana_AI_20251009_1_LuisFelipeCalderonPerez_CNNAlexNet,paragraphs,10_Semana_AI_20251009_1_LuisFelipeCalderonPerez_CNNAlexNet-p-0004,chunks_paragraphs/10_Semana_AI_20251009_1_LuisFelipeCalderonPerez_CNNAlexNet/chunk_0004.txt,274,50,4
10_Semana_AI_20251009_1_LuisFelipeCalderonPerez_CNNAlexNet,paragraphs,10_Semana_AI_20251009_1_LuisFelipeCalderonPerez_CNNAlexNet-p-0005,chunks_paragraphs/10_Semana_AI_20251009_1_LuisFelipeCalderonPerez_CNNAlexNet/chunk_0005.txt,1995,323,5
10_Semana_AI_20251009_1_LuisFelipeCalderonPerez_CNNAlexNet,paragraphs,10_Semana_AI_20251009_1_LuisFelipeCalderonPerez_CNNAlexNet-p-0006,chunks_paragraphs/10_Semana_AI_20251009_1_LuisFelipeCalderonPerez_CNNAlexNet/chunk_0006.txt,803,96,6
11_Semana_AI_20251014_1_JuanDiegoJimenezValverde_CNNYAutoencoders,paragraphs,11_Semana_AI_20251014_1_JuanDiegoJimenezValverde_CNNYAutoencoders-p-0001,chunks_paragraphs/11_Semana_AI_20251014_1_JuanDiegoJimenezValverde_CNNYAutoencoders/chunk_0001.txt,1922,256,1
11_Semana_AI_20251014_1_JuanDiegoJimenezValverde_CNNYAutoencoders,paragraphs,11_Semana_AI_20251014_1_JuanDiegoJimenezValverde_CNNYAutoencoders-p-0002,chunks_paragraphs/11_Semana_AI_20251014_1_JuanDiegoJimenezValverde_CNNYAutoencoders/chunk_0002.txt,1960,297,2
11_Semana_AI_20251014_1_JuanDiegoJimenezValverde_CNNYAutoencoders,paragraphs,11_Semana_AI_20251014_1_JuanDiegoJimenezValverde_CNNYAutoencoders-p-0003,chunks_paragraphs/11_Semana_AI_20251014_1_JuanDiegoJimenezValverde_CNNYAutoencoders/chunk_0003.txt,199,26,3
11_Semana_AI_20251014_1_JuanDiegoJimenezValverde_CNNYAutoencoders,paragraphs,11_Semana_AI_20251014_1_JuanDiegoJimenezValverde_CNNYAutoencoders-p-0004,chunks_paragraphs/11_Semana_AI_20251014_1_JuanDiegoJimenezValverde_CNNYAutoencoders/chunk_0004.txt,1916,259,4
11_Semana_AI_20251014_1_JuanDiegoJimenezValverde_CNNYAutoencoders,paragraphs,11_Semana_AI_20251014_1_JuanDiegoJimenezValverde_CNNYAutoencoders-p-0005,chunks_paragraphs/11_Semana_AI_20251014_1_JuanDiegoJimenezValverde_CNNYAutoencoders/chunk_0005.txt,1905,262,5
11_Semana_AI_20251014_1_JuanDiegoJimenezValverde_CNNYAutoencoders,paragraphs,11_Semana_AI_20251014_1_JuanDiegoJimenezValverde_CNNYAutoencoders-p-0006,chunks_paragraphs/11_Semana_AI_20251014_1_JuanDiegoJimenezValverde_CNNYAutoencoders/chunk_0006.txt,746,101,6
11_Semana_AI_20251014_1_JuanDiegoJimenezValverde_CNNYAutoencoders,paragraphs,11_Semana_AI_20251014_1_JuanDiegoJimenezValverde_CNNYAutoencoders-p-0007,chunks_paragraphs/11_Semana_AI_20251014_1_JuanDiegoJimenezValverde_CNNYAutoencoders/chunk_0007.txt,1990,285,7
11_Semana_AI_20251014_1_JuanDiegoJimenezValverde_CNNYAutoencoders,paragraphs,11_Semana_AI_20251014_1_JuanDiegoJimenezValverde_CNNYAutoencoders-p-0008,chunks_paragraphs/11_Semana_AI_20251014_1_JuanDiegoJimenezValverde_CNNYAutoencoders/chunk_0008.txt,1854,257,8
11_Semana_AI_20251014_1_JuanDiegoJimenezValverde_CNNYAutoencoders,paragraphs,11_Semana_AI_20251014_1_JuanDiegoJimenezValverde_CNNYAutoencoders-p-0009,chunks_paragraphs/11_Semana_AI_20251014_1_JuanDiegoJimenezValverde_CNNYAutoencoders/chunk_0009.txt,714,102,9
11_Semana_AI_20251014_2_ LuisFernandoBenavidesVillegas_ConvolucionesPoolingAutoencoders,paragraphs,11_Semana_AI_20251014_2_ LuisFernandoBenavidesVillegas_ConvolucionesPoolingAutoencoders-p-0001,chunks_paragraphs/11_Semana_AI_20251014_2_ LuisFernandoBenavidesVillegas_ConvolucionesPoolingAutoencoders/chunk_0001.txt,1945,278,1
11_Semana_AI_20251014_2_ LuisFernandoBenavidesVillegas_ConvolucionesPoolingAutoencoders,paragraphs,11_Semana_AI_20251014_2_ LuisFernandoBenavidesVillegas_ConvolucionesPoolingAutoencoders-p-0002,chunks_paragraphs/11_Semana_AI_20251014_2_ LuisFernandoBenavidesVillegas_ConvolucionesPoolingAutoencoders/chunk_0002.txt,1955,306,2
11_Semana_AI_20251014_2_ LuisFernandoBenavidesVillegas_ConvolucionesPoolingAutoencoders,paragraphs,11_Semana_AI_20251014_2_ LuisFernandoBenavidesVillegas_ConvolucionesPoolingAutoencoders-p-0003,chunks_paragraphs/11_Semana_AI_20251014_2_ LuisFernandoBenavidesVillegas_ConvolucionesPoolingAutoencoders/chunk_0003.txt,354,54,3
11_Semana_AI_20251014_2_ LuisFernandoBenavidesVillegas_ConvolucionesPoolingAutoencoders,paragraphs,11_Semana_AI_20251014_2_ LuisFernandoBenavidesVillegas_ConvolucionesPoolingAutoencoders-p-0004,chunks_paragraphs/11_Semana_AI_20251014_2_ LuisFernandoBenavidesVillegas_ConvolucionesPoolingAutoencoders/chunk_0004.txt,1834,268,4
11_Semana_AI_20251014_2_ LuisFernandoBenavidesVillegas_ConvolucionesPoolingAutoencoders,paragraphs,11_Semana_AI_20251014_2_ LuisFernandoBenavidesVillegas_ConvolucionesPoolingAutoencoders-p-0005,chunks_paragraphs/11_Semana_AI_20251014_2_ LuisFernandoBenavidesVillegas_ConvolucionesPoolingAutoencoders/chunk_0005.txt,1944,259,5
11_Semana_AI_20251014_2_ LuisFernandoBenavidesVillegas_ConvolucionesPoolingAutoencoders,paragraphs,11_Semana_AI_20251014_2_ LuisFernandoBenavidesVillegas_ConvolucionesPoolingAutoencoders-p-0006,chunks_paragraphs/11_Semana_AI_20251014_2_ LuisFernandoBenavidesVillegas_ConvolucionesPoolingAutoencoders/chunk_0006.txt,1448,213,6
11_Semana_AI_20251014_2_ LuisFernandoBenavidesVillegas_ConvolucionesPoolingAutoencoders,paragraphs,11_Semana_AI_20251014_2_ LuisFernandoBenavidesVillegas_ConvolucionesPoolingAutoencoders-p-0007,chunks_paragraphs/11_Semana_AI_20251014_2_ LuisFernandoBenavidesVillegas_ConvolucionesPoolingAutoencoders/chunk_0007.txt,1895,278,7
11_Semana_AI_20251014_2_ LuisFernandoBenavidesVillegas_ConvolucionesPoolingAutoencoders,paragraphs,11_Semana_AI_20251014_2_ LuisFernandoBenavidesVillegas_ConvolucionesPoolingAutoencoders-p-0008,chunks_paragraphs/11_Semana_AI_20251014_2_ LuisFernandoBenavidesVillegas_ConvolucionesPoolingAutoencoders/chunk_0008.txt,1845,269,8
11_Semana_AI_20251014_2_ LuisFernandoBenavidesVillegas_ConvolucionesPoolingAutoencoders,paragraphs,11_Semana_AI_20251014_2_ LuisFernandoBenavidesVillegas_ConvolucionesPoolingAutoencoders-p-0009,chunks_paragraphs/11_Semana_AI_20251014_2_ LuisFernandoBenavidesVillegas_ConvolucionesPoolingAutoencoders/chunk_0009.txt,1914,274,9
11_Semana_AI_20251014_2_ LuisFernandoBenavidesVillegas_ConvolucionesPoolingAutoencoders,paragraphs,11_Semana_AI_20251014_2_ LuisFernandoBenavidesVillegas_ConvolucionesPoolingAutoencoders-p-0010,chunks_paragraphs/11_Semana_AI_20251014_2_ LuisFernandoBenavidesVillegas_ConvolucionesPoolingAutoencoders/chunk_0010.txt,1067,152,10
11_Semana_AI_20251014_3_AlexStevenNaranjoMasıs_EmbeddingsAutoencoders,paragraphs,11_Semana_AI_20251014_3_AlexStevenNaranjoMasıs_EmbeddingsAutoencoders-p-0001,chunks_paragraphs/11_Semana_AI_20251014_3_AlexStevenNaranjoMasıs_EmbeddingsAutoencoders/chunk_0001.txt,1907,243,1
11_Semana_AI_20251014_3_AlexStevenNaranjoMasıs_EmbeddingsAutoencoders,paragraphs,11_Semana_AI_20251014_3_AlexStevenNaranjoMasıs_EmbeddingsAutoencoders-p-0002,chunks_paragraphs/11_Semana_AI_20251014_3_AlexStevenNaranjoMasıs_EmbeddingsAutoencoders/chunk_0002.txt,1997,272,2
11_Semana_AI_20251014_3_AlexStevenNaranjoMasıs_EmbeddingsAutoencoders,paragraphs,11_Semana_AI_20251014_3_AlexStevenNaranjoMasıs_EmbeddingsAutoencoders-p-0003,chunks_paragraphs/11_Semana_AI_20251014_3_AlexStevenNaranjoMasıs_EmbeddingsAutoencoders/chunk_0003.txt,180,23,3
11_Semana_AI_20251014_3_AlexStevenNaranjoMasıs_EmbeddingsAutoencoders,paragraphs,11_Semana_AI_20251014_3_AlexStevenNaranjoMasıs_EmbeddingsAutoencoders-p-0004,chunks_paragraphs/11_Semana_AI_20251014_3_AlexStevenNaranjoMasıs_EmbeddingsAutoencoders/chunk_0004.txt,1915,239,4
11_Semana_AI_20251014_3_AlexStevenNaranjoMasıs_EmbeddingsAutoencoders,paragraphs,11_Semana_AI_20251014_3_AlexStevenNaranjoMasıs_EmbeddingsAutoencoders-p-0005,chunks_paragraphs/11_Semana_AI_20251014_3_AlexStevenNaranjoMasıs_EmbeddingsAutoencoders/chunk_0005.txt,436,53,5
11_Semana_AI_20251014_3_AlexStevenNaranjoMasıs_EmbeddingsAutoencoders,paragraphs,11_Semana_AI_20251014_3_AlexStevenNaranjoMasıs_EmbeddingsAutoencoders-p-0006,chunks_paragraphs/11_Semana_AI_20251014_3_AlexStevenNaranjoMasıs_EmbeddingsAutoencoders/chunk_0006.txt,1907,209,6
11_Semana_AI_20251014_3_AlexStevenNaranjoMasıs_EmbeddingsAutoencoders,paragraphs,11_Semana_AI_20251014_3_AlexStevenNaranjoMasıs_EmbeddingsAutoencoders-p-0007,chunks_paragraphs/11_Semana_AI_20251014_3_AlexStevenNaranjoMasıs_EmbeddingsAutoencoders/chunk_0007.txt,1055,132,7
11_Semana_AI_20251016_2_AndresSanchezRojas_AutoencodersUNetRAGs,paragraphs,11_Semana_AI_20251016_2_AndresSanchezRojas_AutoencodersUNetRAGs-p-0001,chunks_paragraphs/11_Semana_AI_20251016_2_AndresSanchezRojas_AutoencodersUNetRAGs/chunk_0001.txt,1859,256,1
11_Semana_AI_20251016_2_AndresSanchezRojas_AutoencodersUNetRAGs,paragraphs,11_Semana_AI_20251016_2_AndresSanchezRojas_AutoencodersUNetRAGs-p-0002,chunks_paragraphs/11_Semana_AI_20251016_2_AndresSanchezRojas_AutoencodersUNetRAGs/chunk_0002.txt,1994,284,2
11_Semana_AI_20251016_2_AndresSanchezRojas_AutoencodersUNetRAGs,paragraphs,11_Semana_AI_20251016_2_AndresSanchezRojas_AutoencodersUNetRAGs-p-0003,chunks_paragraphs/11_Semana_AI_20251016_2_AndresSanchezRojas_AutoencodersUNetRAGs/chunk_0003.txt,568,76,3
11_Semana_AI_20251016_2_AndresSanchezRojas_AutoencodersUNetRAGs,paragraphs,11_Semana_AI_20251016_2_AndresSanchezRojas_AutoencodersUNetRAGs-p-0004,chunks_paragraphs/11_Semana_AI_20251016_2_AndresSanchezRojas_AutoencodersUNetRAGs/chunk_0004.txt,1954,284,4
11_Semana_AI_20251016_2_AndresSanchezRojas_AutoencodersUNetRAGs,paragraphs,11_Semana_AI_20251016_2_AndresSanchezRojas_AutoencodersUNetRAGs-p-0005,chunks_paragraphs/11_Semana_AI_20251016_2_AndresSanchezRojas_AutoencodersUNetRAGs/chunk_0005.txt,1397,199,5
11_Semana_AI_20251016_4_ EderVegaSuazo_AutoencodersYEmbeddings,paragraphs,11_Semana_AI_20251016_4_ EderVegaSuazo_AutoencodersYEmbeddings-p-0001,chunks_paragraphs/11_Semana_AI_20251016_4_ EderVegaSuazo_AutoencodersYEmbeddings/chunk_0001.txt,1904,264,1
11_Semana_AI_20251016_4_ EderVegaSuazo_AutoencodersYEmbeddings,paragraphs,11_Semana_AI_20251016_4_ EderVegaSuazo_AutoencodersYEmbeddings-p-0002,chunks_paragraphs/11_Semana_AI_20251016_4_ EderVegaSuazo_AutoencodersYEmbeddings/chunk_0002.txt,1831,267,2
11_Semana_AI_20251016_4_ EderVegaSuazo_AutoencodersYEmbeddings,paragraphs,11_Semana_AI_20251016_4_ EderVegaSuazo_AutoencodersYEmbeddings-p-0003,chunks_paragraphs/11_Semana_AI_20251016_4_ EderVegaSuazo_AutoencodersYEmbeddings/chunk_0003.txt,981,143,3
11_Semana_AI_20251016_4_ EderVegaSuazo_AutoencodersYEmbeddings,paragraphs,11_Semana_AI_20251016_4_ EderVegaSuazo_AutoencodersYEmbeddings-p-0004,chunks_paragraphs/11_Semana_AI_20251016_4_ EderVegaSuazo_AutoencodersYEmbeddings/chunk_0004.txt,1854,282,4
11_Semana_AI_20251016_4_ EderVegaSuazo_AutoencodersYEmbeddings,paragraphs,11_Semana_AI_20251016_4_ EderVegaSuazo_AutoencodersYEmbeddings-p-0005,chunks_paragraphs/11_Semana_AI_20251016_4_ EderVegaSuazo_AutoencodersYEmbeddings/chunk_0005.txt,1281,176,5
11_Semana_AI_20251016_4_ EderVegaSuazo_AutoencodersYEmbeddings,paragraphs,11_Semana_AI_20251016_4_ EderVegaSuazo_AutoencodersYEmbeddings-p-0006,chunks_paragraphs/11_Semana_AI_20251016_4_ EderVegaSuazo_AutoencodersYEmbeddings/chunk_0006.txt,1979,274,6
11_Semana_AI_20251016_4_ EderVegaSuazo_AutoencodersYEmbeddings,paragraphs,11_Semana_AI_20251016_4_ EderVegaSuazo_AutoencodersYEmbeddings-p-0007,chunks_paragraphs/11_Semana_AI_20251016_4_ EderVegaSuazo_AutoencodersYEmbeddings/chunk_0007.txt,401,51,7
11_Semana_AI_20251016_4_ EderVegaSuazo_AutoencodersYEmbeddings,paragraphs,11_Semana_AI_20251016_4_ EderVegaSuazo_AutoencodersYEmbeddings-p-0008,chunks_paragraphs/11_Semana_AI_20251016_4_ EderVegaSuazo_AutoencodersYEmbeddings/chunk_0008.txt,1983,293,8
12_Semana_AI_20251021_1_AndreyUreñaBermudez_LLMEmbeddingsRAGAgentes,paragraphs,12_Semana_AI_20251021_1_AndreyUreñaBermudez_LLMEmbeddingsRAGAgentes-p-0001,chunks_paragraphs/12_Semana_AI_20251021_1_AndreyUreñaBermudez_LLMEmbeddingsRAGAgentes/chunk_0001.txt,1925,280,1
12_Semana_AI_20251021_1_AndreyUreñaBermudez_LLMEmbeddingsRAGAgentes,paragraphs,12_Semana_AI_20251021_1_AndreyUreñaBermudez_LLMEmbeddingsRAGAgentes-p-0002,chunks_paragraphs/12_Semana_AI_20251021_1_AndreyUreñaBermudez_LLMEmbeddingsRAGAgentes/chunk_0002.txt,979,144,2
12_Semana_AI_20251021_1_AndreyUreñaBermudez_LLMEmbeddingsRAGAgentes,paragraphs,12_Semana_AI_20251021_1_AndreyUreñaBermudez_LLMEmbeddingsRAGAgentes-p-0003,chunks_paragraphs/12_Semana_AI_20251021_1_AndreyUreñaBermudez_LLMEmbeddingsRAGAgentes/chunk_0003.txt,1928,255,3
12_Semana_AI_20251021_1_AndreyUreñaBermudez_LLMEmbeddingsRAGAgentes,paragraphs,12_Semana_AI_20251021_1_AndreyUreñaBermudez_LLMEmbeddingsRAGAgentes-p-0004,chunks_paragraphs/12_Semana_AI_20251021_1_AndreyUreñaBermudez_LLMEmbeddingsRAGAgentes/chunk_0004.txt,1840,253,4
12_Semana_AI_20251021_1_AndreyUreñaBermudez_LLMEmbeddingsRAGAgentes,paragraphs,12_Semana_AI_20251021_1_AndreyUreñaBermudez_LLMEmbeddingsRAGAgentes-p-0005,chunks_paragraphs/12_Semana_AI_20251021_1_AndreyUreñaBermudez_LLMEmbeddingsRAGAgentes/chunk_0005.txt,513,69,5
12_Semana_AI_20251021_2_KendallRodriguezCamacho_LLMRAGAgentesInteligentes,paragraphs,12_Semana_AI_20251021_2_KendallRodriguezCamacho_LLMRAGAgentesInteligentes-p-0001,chunks_paragraphs/12_Semana_AI_20251021_2_KendallRodriguezCamacho_LLMRAGAgentesInteligentes/chunk_0001.txt,1836,259,1
12_Semana_AI_20251021_2_KendallRodriguezCamacho_LLMRAGAgentesInteligentes,paragraphs,12_Semana_AI_20251021_2_KendallRodriguezCamacho_LLMRAGAgentesInteligentes-p-0002,chunks_paragraphs/12_Semana_AI_20251021_2_KendallRodriguezCamacho_LLMRAGAgentesInteligentes/chunk_0002.txt,1994,313,2
12_Semana_AI_20251021_2_KendallRodriguezCamacho_LLMRAGAgentesInteligentes,paragraphs,12_Semana_AI_20251021_2_KendallRodriguezCamacho_LLMRAGAgentesInteligentes-p-0003,chunks_paragraphs/12_Semana_AI_20251021_2_KendallRodriguezCamacho_LLMRAGAgentesInteligentes/chunk_0003.txt,248,33,3
12_Semana_AI_20251021_2_KendallRodriguezCamacho_LLMRAGAgentesInteligentes,paragraphs,12_Semana_AI_20251021_2_KendallRodriguezCamacho_LLMRAGAgentesInteligentes-p-0004,chunks_paragraphs/12_Semana_AI_20251021_2_KendallRodriguezCamacho_LLMRAGAgentesInteligentes/chunk_0004.txt,1962,281,4
12_Semana_AI_20251021_2_KendallRodriguezCamacho_LLMRAGAgentesInteligentes,paragraphs,12_Semana_AI_20251021_2_KendallRodriguezCamacho_LLMRAGAgentesInteligentes-p-0005,chunks_paragraphs/12_Semana_AI_20251021_2_KendallRodriguezCamacho_LLMRAGAgentesInteligentes/chunk_0005.txt,1587,230,5
12_Semana_AI_20251021_2_KendallRodriguezCamacho_LLMRAGAgentesInteligentes,paragraphs,12_Semana_AI_20251021_2_KendallRodriguezCamacho_LLMRAGAgentesInteligentes-p-0006,chunks_paragraphs/12_Semana_AI_20251021_2_KendallRodriguezCamacho_LLMRAGAgentesInteligentes/chunk_0006.txt,1968,259,6
12_Semana_AI_20251021_2_KendallRodriguezCamacho_LLMRAGAgentesInteligentes,paragraphs,12_Semana_AI_20251021_2_KendallRodriguezCamacho_LLMRAGAgentesInteligentes-p-0007,chunks_paragraphs/12_Semana_AI_20251021_2_KendallRodriguezCamacho_LLMRAGAgentesInteligentes/chunk_0007.txt,1945,283,7
12_Semana_AI_20251021_2_KendallRodriguezCamacho_LLMRAGAgentesInteligentes,paragraphs,12_Semana_AI_20251021_2_KendallRodriguezCamacho_LLMRAGAgentesInteligentes-p-0008,chunks_paragraphs/12_Semana_AI_20251021_2_KendallRodriguezCamacho_LLMRAGAgentesInteligentes/chunk_0008.txt,303,41,8
12_Semana_AI_20251021_2_KendallRodriguezCamacho_LLMRAGAgentesInteligentes,paragraphs,12_Semana_AI_20251021_2_KendallRodriguezCamacho_LLMRAGAgentesInteligentes-p-0009,chunks_paragraphs/12_Semana_AI_20251021_2_KendallRodriguezCamacho_LLMRAGAgentesInteligentes/chunk_0009.txt,1975,282,9
12_Semana_AI_20251021_2_KendallRodriguezCamacho_LLMRAGAgentesInteligentes,paragraphs,12_Semana_AI_20251021_2_KendallRodriguezCamacho_LLMRAGAgentesInteligentes-p-0010,chunks_paragraphs/12_Semana_AI_20251021_2_KendallRodriguezCamacho_LLMRAGAgentesInteligentes/chunk_0010.txt,1644,223,10
12_Semana_AI_20251021_3_FernandoDanielBrenesReyes_CNNYTransferLearning.pdf,paragraphs,12_Semana_AI_20251021_3_FernandoDanielBrenesReyes_CNNYTransferLearning.pdf-p-0001,chunks_paragraphs/12_Semana_AI_20251021_3_FernandoDanielBrenesReyes_CNNYTransferLearning.pdf/chunk_0001.txt,1882,253,1
12_Semana_AI_20251021_3_FernandoDanielBrenesReyes_CNNYTransferLearning.pdf,paragraphs,12_Semana_AI_20251021_3_FernandoDanielBrenesReyes_CNNYTransferLearning.pdf-p-0002,chunks_paragraphs/12_Semana_AI_20251021_3_FernandoDanielBrenesReyes_CNNYTransferLearning.pdf/chunk_0002.txt,1053,136,2
12_Semana_AI_20251021_3_FernandoDanielBrenesReyes_CNNYTransferLearning.pdf,paragraphs,12_Semana_AI_20251021_3_FernandoDanielBrenesReyes_CNNYTransferLearning.pdf-p-0003,chunks_paragraphs/12_Semana_AI_20251021_3_FernandoDanielBrenesReyes_CNNYTransferLearning.pdf/chunk_0003.txt,1998,262,3
12_Semana_AI_20251021_3_FernandoDanielBrenesReyes_CNNYTransferLearning.pdf,paragraphs,12_Semana_AI_20251021_3_FernandoDanielBrenesReyes_CNNYTransferLearning.pdf-p-0004,chunks_paragraphs/12_Semana_AI_20251021_3_FernandoDanielBrenesReyes_CNNYTransferLearning.pdf/chunk_0004.txt,1134,150,4
12_Semana_AI_20251021_4_KevinCarranzaJimenez_LLMRAGTokenizacionEmbeddings,paragraphs,12_Semana_AI_20251021_4_KevinCarranzaJimenez_LLMRAGTokenizacionEmbeddings-p-0001,chunks_paragraphs/12_Semana_AI_20251021_4_KevinCarranzaJimenez_LLMRAGTokenizacionEmbeddings/chunk_0001.txt,1506,227,1
12_Semana_AI_20251021_4_KevinCarranzaJimenez_LLMRAGTokenizacionEmbeddings,paragraphs,12_Semana_AI_20251021_4_KevinCarranzaJimenez_LLMRAGTokenizacionEmbeddings-p-0002,chunks_paragraphs/12_Semana_AI_20251021_4_KevinCarranzaJimenez_LLMRAGTokenizacionEmbeddings/chunk_0002.txt,1880,280,2
12_Semana_AI_20251021_4_KevinCarranzaJimenez_LLMRAGTokenizacionEmbeddings,paragraphs,12_Semana_AI_20251021_4_KevinCarranzaJimenez_LLMRAGTokenizacionEmbeddings-p-0003,chunks_paragraphs/12_Semana_AI_20251021_4_KevinCarranzaJimenez_LLMRAGTokenizacionEmbeddings/chunk_0003.txt,831,120,3
12_Semana_AI_20251021_4_KevinCarranzaJimenez_LLMRAGTokenizacionEmbeddings,paragraphs,12_Semana_AI_20251021_4_KevinCarranzaJimenez_LLMRAGTokenizacionEmbeddings-p-0004,chunks_paragraphs/12_Semana_AI_20251021_4_KevinCarranzaJimenez_LLMRAGTokenizacionEmbeddings/chunk_0004.txt,1843,266,4
12_Semana_AI_20251021_4_KevinCarranzaJimenez_LLMRAGTokenizacionEmbeddings,paragraphs,12_Semana_AI_20251021_4_KevinCarranzaJimenez_LLMRAGTokenizacionEmbeddings-p-0005,chunks_paragraphs/12_Semana_AI_20251021_4_KevinCarranzaJimenez_LLMRAGTokenizacionEmbeddings/chunk_0005.txt,1937,279,5
12_Semana_AI_20251021_4_KevinCarranzaJimenez_LLMRAGTokenizacionEmbeddings,paragraphs,12_Semana_AI_20251021_4_KevinCarranzaJimenez_LLMRAGTokenizacionEmbeddings-p-0006,chunks_paragraphs/12_Semana_AI_20251021_4_KevinCarranzaJimenez_LLMRAGTokenizacionEmbeddings/chunk_0006.txt,920,132,6
12_Semana_AI_20251021_4_KevinCarranzaJimenez_LLMRAGTokenizacionEmbeddings,paragraphs,12_Semana_AI_20251021_4_KevinCarranzaJimenez_LLMRAGTokenizacionEmbeddings-p-0007,chunks_paragraphs/12_Semana_AI_20251021_4_KevinCarranzaJimenez_LLMRAGTokenizacionEmbeddings/chunk_0007.txt,1784,274,7
12_Semana_AI_20251021_4_KevinCarranzaJimenez_LLMRAGTokenizacionEmbeddings,paragraphs,12_Semana_AI_20251021_4_KevinCarranzaJimenez_LLMRAGTokenizacionEmbeddings-p-0008,chunks_paragraphs/12_Semana_AI_20251021_4_KevinCarranzaJimenez_LLMRAGTokenizacionEmbeddings/chunk_0008.txt,1810,243,8
12_Semana_AI_20251021_4_KevinCarranzaJimenez_LLMRAGTokenizacionEmbeddings,paragraphs,12_Semana_AI_20251021_4_KevinCarranzaJimenez_LLMRAGTokenizacionEmbeddings-p-0009,chunks_paragraphs/12_Semana_AI_20251021_4_KevinCarranzaJimenez_LLMRAGTokenizacionEmbeddings/chunk_0009.txt,882,127,9
12_Semana_AI_20251021_4_KevinCarranzaJimenez_LLMRAGTokenizacionEmbeddings,paragraphs,12_Semana_AI_20251021_4_KevinCarranzaJimenez_LLMRAGTokenizacionEmbeddings-p-0010,chunks_paragraphs/12_Semana_AI_20251021_4_KevinCarranzaJimenez_LLMRAGTokenizacionEmbeddings/chunk_0010.txt,1826,251,10
12_Semana_AI_20251021_4_KevinCarranzaJimenez_LLMRAGTokenizacionEmbeddings,paragraphs,12_Semana_AI_20251021_4_KevinCarranzaJimenez_LLMRAGTokenizacionEmbeddings-p-0011,chunks_paragraphs/12_Semana_AI_20251021_4_KevinCarranzaJimenez_LLMRAGTokenizacionEmbeddings/chunk_0011.txt,1930,258,11
12_Semana_AI_20251021_4_KevinCarranzaJimenez_LLMRAGTokenizacionEmbeddings,paragraphs,12_Semana_AI_20251021_4_KevinCarranzaJimenez_LLMRAGTokenizacionEmbeddings-p-0012,chunks_paragraphs/12_Semana_AI_20251021_4_KevinCarranzaJimenez_LLMRAGTokenizacionEmbeddings/chunk_0012.txt,1504,213,12
12_Semana_AI_20251021_4_KevinCarranzaJimenez_LLMRAGTokenizacionEmbeddings,paragraphs,12_Semana_AI_20251021_4_KevinCarranzaJimenez_LLMRAGTokenizacionEmbeddings-p-0013,chunks_paragraphs/12_Semana_AI_20251021_4_KevinCarranzaJimenez_LLMRAGTokenizacionEmbeddings/chunk_0013.txt,1977,268,13
12_Semana_AI_20251021_4_KevinCarranzaJimenez_LLMRAGTokenizacionEmbeddings,paragraphs,12_Semana_AI_20251021_4_KevinCarranzaJimenez_LLMRAGTokenizacionEmbeddings-p-0014,chunks_paragraphs/12_Semana_AI_20251021_4_KevinCarranzaJimenez_LLMRAGTokenizacionEmbeddings/chunk_0014.txt,1995,297,14
12_Semana_AI_20251021_4_KevinCarranzaJimenez_LLMRAGTokenizacionEmbeddings,paragraphs,12_Semana_AI_20251021_4_KevinCarranzaJimenez_LLMRAGTokenizacionEmbeddings-p-0015,chunks_paragraphs/12_Semana_AI_20251021_4_KevinCarranzaJimenez_LLMRAGTokenizacionEmbeddings/chunk_0015.txt,1972,289,15
12_Semana_AI_20251021_4_KevinCarranzaJimenez_LLMRAGTokenizacionEmbeddings,paragraphs,12_Semana_AI_20251021_4_KevinCarranzaJimenez_LLMRAGTokenizacionEmbeddings-p-0016,chunks_paragraphs/12_Semana_AI_20251021_4_KevinCarranzaJimenez_LLMRAGTokenizacionEmbeddings/chunk_0016.txt,269,35,16
12_Semana_AI_20251023_1_NelsonRojasObando_QuantizationModelosRedes,paragraphs,12_Semana_AI_20251023_1_NelsonRojasObando_QuantizationModelosRedes-p-0001,chunks_paragraphs/12_Semana_AI_20251023_1_NelsonRojasObando_QuantizationModelosRedes/chunk_0001.txt,1986,288,1
12_Semana_AI_20251023_1_NelsonRojasObando_QuantizationModelosRedes,paragraphs,12_Semana_AI_20251023_1_NelsonRojasObando_QuantizationModelosRedes-p-0002,chunks_paragraphs/12_Semana_AI_20251023_1_NelsonRojasObando_QuantizationModelosRedes/chunk_0002.txt,1974,304,2
12_Semana_AI_20251023_1_NelsonRojasObando_QuantizationModelosRedes,paragraphs,12_Semana_AI_20251023_1_NelsonRojasObando_QuantizationModelosRedes-p-0003,chunks_paragraphs/12_Semana_AI_20251023_1_NelsonRojasObando_QuantizationModelosRedes/chunk_0003.txt,59,11,3
12_Semana_AI_20251023_1_NelsonRojasObando_QuantizationModelosRedes,paragraphs,12_Semana_AI_20251023_1_NelsonRojasObando_QuantizationModelosRedes-p-0004,chunks_paragraphs/12_Semana_AI_20251023_1_NelsonRojasObando_QuantizationModelosRedes/chunk_0004.txt,1935,276,4
12_Semana_AI_20251023_1_NelsonRojasObando_QuantizationModelosRedes,paragraphs,12_Semana_AI_20251023_1_NelsonRojasObando_QuantizationModelosRedes-p-0005,chunks_paragraphs/12_Semana_AI_20251023_1_NelsonRojasObando_QuantizationModelosRedes/chunk_0005.txt,590,80,5
12_Semana_AI_20251023_3_JuanPabloRodriguezCano_QuantizationTiposEstrategias,paragraphs,12_Semana_AI_20251023_3_JuanPabloRodriguezCano_QuantizationTiposEstrategias-p-0001,chunks_paragraphs/12_Semana_AI_20251023_3_JuanPabloRodriguezCano_QuantizationTiposEstrategias/chunk_0001.txt,1733,269,1
12_Semana_AI_20251023_3_JuanPabloRodriguezCano_QuantizationTiposEstrategias,paragraphs,12_Semana_AI_20251023_3_JuanPabloRodriguezCano_QuantizationTiposEstrategias-p-0002,chunks_paragraphs/12_Semana_AI_20251023_3_JuanPabloRodriguezCano_QuantizationTiposEstrategias/chunk_0002.txt,1805,301,2
12_Semana_AI_20251023_3_JuanPabloRodriguezCano_QuantizationTiposEstrategias,paragraphs,12_Semana_AI_20251023_3_JuanPabloRodriguezCano_QuantizationTiposEstrategias-p-0003,chunks_paragraphs/12_Semana_AI_20251023_3_JuanPabloRodriguezCano_QuantizationTiposEstrategias/chunk_0003.txt,480,84,3
12_Semana_AI_20251023_3_JuanPabloRodriguezCano_QuantizationTiposEstrategias,paragraphs,12_Semana_AI_20251023_3_JuanPabloRodriguezCano_QuantizationTiposEstrategias-p-0004,chunks_paragraphs/12_Semana_AI_20251023_3_JuanPabloRodriguezCano_QuantizationTiposEstrategias/chunk_0004.txt,829,129,4
12_Semana_AL_20251023_2_LuisAlfredoGonzalezSanchez_QuantizationRedesNeuronales,paragraphs,12_Semana_AL_20251023_2_LuisAlfredoGonzalezSanchez_QuantizationRedesNeuronales-p-0001,chunks_paragraphs/12_Semana_AL_20251023_2_LuisAlfredoGonzalezSanchez_QuantizationRedesNeuronales/chunk_0001.txt,1850,243,1
12_Semana_AL_20251023_2_LuisAlfredoGonzalezSanchez_QuantizationRedesNeuronales,paragraphs,12_Semana_AL_20251023_2_LuisAlfredoGonzalezSanchez_QuantizationRedesNeuronales-p-0002,chunks_paragraphs/12_Semana_AL_20251023_2_LuisAlfredoGonzalezSanchez_QuantizationRedesNeuronales/chunk_0002.txt,1818,274,2
12_Semana_AL_20251023_2_LuisAlfredoGonzalezSanchez_QuantizationRedesNeuronales,paragraphs,12_Semana_AL_20251023_2_LuisAlfredoGonzalezSanchez_QuantizationRedesNeuronales-p-0003,chunks_paragraphs/12_Semana_AL_20251023_2_LuisAlfredoGonzalezSanchez_QuantizationRedesNeuronales/chunk_0003.txt,1106,177,3
12_Semana_AL_20251023_2_LuisAlfredoGonzalezSanchez_QuantizationRedesNeuronales,paragraphs,12_Semana_AL_20251023_2_LuisAlfredoGonzalezSanchez_QuantizationRedesNeuronales-p-0004,chunks_paragraphs/12_Semana_AL_20251023_2_LuisAlfredoGonzalezSanchez_QuantizationRedesNeuronales/chunk_0004.txt,1789,293,4
12_Semana_AL_20251023_2_LuisAlfredoGonzalezSanchez_QuantizationRedesNeuronales,paragraphs,12_Semana_AL_20251023_2_LuisAlfredoGonzalezSanchez_QuantizationRedesNeuronales-p-0005,chunks_paragraphs/12_Semana_AL_20251023_2_LuisAlfredoGonzalezSanchez_QuantizationRedesNeuronales/chunk_0005.txt,1959,286,5
12_Semana_AL_20251023_2_LuisAlfredoGonzalezSanchez_QuantizationRedesNeuronales,paragraphs,12_Semana_AL_20251023_2_LuisAlfredoGonzalezSanchez_QuantizationRedesNeuronales-p-0006,chunks_paragraphs/12_Semana_AL_20251023_2_LuisAlfredoGonzalezSanchez_QuantizationRedesNeuronales/chunk_0006.txt,975,165,6
12_Semana_AL_20251023_2_LuisAlfredoGonzalezSanchez_QuantizationRedesNeuronales,paragraphs,12_Semana_AL_20251023_2_LuisAlfredoGonzalezSanchez_QuantizationRedesNeuronales-p-0007,chunks_paragraphs/12_Semana_AL_20251023_2_LuisAlfredoGonzalezSanchez_QuantizationRedesNeuronales/chunk_0007.txt,1980,301,7
12_Semana_AL_20251023_2_LuisAlfredoGonzalezSanchez_QuantizationRedesNeuronales,paragraphs,12_Semana_AL_20251023_2_LuisAlfredoGonzalezSanchez_QuantizationRedesNeuronales-p-0008,chunks_paragraphs/12_Semana_AL_20251023_2_LuisAlfredoGonzalezSanchez_QuantizationRedesNeuronales/chunk_0008.txt,1092,161,8
1_Semana_AI_20250807_1_RodolfoDavidAcunaLopez_IntroduccionIA,paragraphs,1_Semana_AI_20250807_1_RodolfoDavidAcunaLopez_IntroduccionIA-p-0001,chunks_paragraphs/1_Semana_AI_20250807_1_RodolfoDavidAcunaLopez_IntroduccionIA/chunk_0001.txt,1963,299,1
1_Semana_AI_20250807_1_RodolfoDavidAcunaLopez_IntroduccionIA,paragraphs,1_Semana_AI_20250807_1_RodolfoDavidAcunaLopez_IntroduccionIA-p-0002,chunks_paragraphs/1_Semana_AI_20250807_1_RodolfoDavidAcunaLopez_IntroduccionIA/chunk_0002.txt,1901,301,2
1_Semana_AI_20250807_1_RodolfoDavidAcunaLopez_IntroduccionIA,paragraphs,1_Semana_AI_20250807_1_RodolfoDavidAcunaLopez_IntroduccionIA-p-0003,chunks_paragraphs/1_Semana_AI_20250807_1_RodolfoDavidAcunaLopez_IntroduccionIA/chunk_0003.txt,546,88,3
1_Semana_AI_20250807_1_RodolfoDavidAcunaLopez_IntroduccionIA,paragraphs,1_Semana_AI_20250807_1_RodolfoDavidAcunaLopez_IntroduccionIA-p-0004,chunks_paragraphs/1_Semana_AI_20250807_1_RodolfoDavidAcunaLopez_IntroduccionIA/chunk_0004.txt,1881,307,4
1_Semana_AI_20250807_1_RodolfoDavidAcunaLopez_IntroduccionIA,paragraphs,1_Semana_AI_20250807_1_RodolfoDavidAcunaLopez_IntroduccionIA-p-0005,chunks_paragraphs/1_Semana_AI_20250807_1_RodolfoDavidAcunaLopez_IntroduccionIA/chunk_0005.txt,1898,301,5
1_Semana_AI_20250807_1_RodolfoDavidAcunaLopez_IntroduccionIA,paragraphs,1_Semana_AI_20250807_1_RodolfoDavidAcunaLopez_IntroduccionIA-p-0006,chunks_paragraphs/1_Semana_AI_20250807_1_RodolfoDavidAcunaLopez_IntroduccionIA/chunk_0006.txt,435,79,6
1_Semana_AI_20250807_1_RodolfoDavidAcunaLopez_IntroduccionIA,paragraphs,1_Semana_AI_20250807_1_RodolfoDavidAcunaLopez_IntroduccionIA-p-0007,chunks_paragraphs/1_Semana_AI_20250807_1_RodolfoDavidAcunaLopez_IntroduccionIA/chunk_0007.txt,925,146,7
1_Semana_AI_20250807_2_ FernandoDanielBrenesReyes_AgentesInteligentes,paragraphs,1_Semana_AI_20250807_2_ FernandoDanielBrenesReyes_AgentesInteligentes-p-0001,chunks_paragraphs/1_Semana_AI_20250807_2_ FernandoDanielBrenesReyes_AgentesInteligentes/chunk_0001.txt,1986,271,1
1_Semana_AI_20250807_2_ FernandoDanielBrenesReyes_AgentesInteligentes,paragraphs,1_Semana_AI_20250807_2_ FernandoDanielBrenesReyes_AgentesInteligentes-p-0002,chunks_paragraphs/1_Semana_AI_20250807_2_ FernandoDanielBrenesReyes_AgentesInteligentes/chunk_0002.txt,919,122,2
1_Semana_AI_20250807_2_ FernandoDanielBrenesReyes_AgentesInteligentes,paragraphs,1_Semana_AI_20250807_2_ FernandoDanielBrenesReyes_AgentesInteligentes-p-0003,chunks_paragraphs/1_Semana_AI_20250807_2_ FernandoDanielBrenesReyes_AgentesInteligentes/chunk_0003.txt,1910,283,3
1_Semana_AI_20250807_2_ FernandoDanielBrenesReyes_AgentesInteligentes,paragraphs,1_Semana_AI_20250807_2_ FernandoDanielBrenesReyes_AgentesInteligentes-p-0004,chunks_paragraphs/1_Semana_AI_20250807_2_ FernandoDanielBrenesReyes_AgentesInteligentes/chunk_0004.txt,1884,260,4
1_Semana_AI_20250807_2_ FernandoDanielBrenesReyes_AgentesInteligentes,paragraphs,1_Semana_AI_20250807_2_ FernandoDanielBrenesReyes_AgentesInteligentes-p-0005,chunks_paragraphs/1_Semana_AI_20250807_2_ FernandoDanielBrenesReyes_AgentesInteligentes/chunk_0005.txt,1977,268,5
1_Semana_AI_20250807_2_ FernandoDanielBrenesReyes_AgentesInteligentes,paragraphs,1_Semana_AI_20250807_2_ FernandoDanielBrenesReyes_AgentesInteligentes-p-0006,chunks_paragraphs/1_Semana_AI_20250807_2_ FernandoDanielBrenesReyes_AgentesInteligentes/chunk_0006.txt,168,22,6
2_Semana_AI_20250812_1_PriscillaJimenezSalgado_MachineLearningTiposYPipeline,paragraphs,2_Semana_AI_20250812_1_PriscillaJimenezSalgado_MachineLearningTiposYPipeline-p-0001,chunks_paragraphs/2_Semana_AI_20250812_1_PriscillaJimenezSalgado_MachineLearningTiposYPipeline/chunk_0001.txt,1802,262,1
2_Semana_AI_20250812_1_PriscillaJimenezSalgado_MachineLearningTiposYPipeline,paragraphs,2_Semana_AI_20250812_1_PriscillaJimenezSalgado_MachineLearningTiposYPipeline-p-0002,chunks_paragraphs/2_Semana_AI_20250812_1_PriscillaJimenezSalgado_MachineLearningTiposYPipeline/chunk_0002.txt,595,91,2
2_Semana_AI_20250812_1_PriscillaJimenezSalgado_MachineLearningTiposYPipeline,paragraphs,2_Semana_AI_20250812_1_PriscillaJimenezSalgado_MachineLearningTiposYPipeline-p-0003,chunks_paragraphs/2_Semana_AI_20250812_1_PriscillaJimenezSalgado_MachineLearningTiposYPipeline/chunk_0003.txt,1847,283,3
2_Semana_AI_20250812_1_PriscillaJimenezSalgado_MachineLearningTiposYPipeline,paragraphs,2_Semana_AI_20250812_1_PriscillaJimenezSalgado_MachineLearningTiposYPipeline-p-0004,chunks_paragraphs/2_Semana_AI_20250812_1_PriscillaJimenezSalgado_MachineLearningTiposYPipeline/chunk_0004.txt,797,118,4
2_Semana_AI_20250812_1_PriscillaJimenezSalgado_MachineLearningTiposYPipeline,paragraphs,2_Semana_AI_20250812_1_PriscillaJimenezSalgado_MachineLearningTiposYPipeline-p-0005,chunks_paragraphs/2_Semana_AI_20250812_1_PriscillaJimenezSalgado_MachineLearningTiposYPipeline/chunk_0005.txt,1964,313,5
2_Semana_AI_20250812_1_PriscillaJimenezSalgado_MachineLearningTiposYPipeline,paragraphs,2_Semana_AI_20250812_1_PriscillaJimenezSalgado_MachineLearningTiposYPipeline-p-0006,chunks_paragraphs/2_Semana_AI_20250812_1_PriscillaJimenezSalgado_MachineLearningTiposYPipeline/chunk_0006.txt,1129,186,6
2_Semana_AI_20250812_1_PriscillaJimenezSalgado_MachineLearningTiposYPipeline,paragraphs,2_Semana_AI_20250812_1_PriscillaJimenezSalgado_MachineLearningTiposYPipeline-p-0007,chunks_paragraphs/2_Semana_AI_20250812_1_PriscillaJimenezSalgado_MachineLearningTiposYPipeline/chunk_0007.txt,1994,305,7
2_Semana_AI_20250812_1_PriscillaJimenezSalgado_MachineLearningTiposYPipeline,paragraphs,2_Semana_AI_20250812_1_PriscillaJimenezSalgado_MachineLearningTiposYPipeline-p-0008,chunks_paragraphs/2_Semana_AI_20250812_1_PriscillaJimenezSalgado_MachineLearningTiposYPipeline/chunk_0008.txt,1029,154,8
2_Semana_AI_20250812_1_PriscillaJimenezSalgado_MachineLearningTiposYPipeline,paragraphs,2_Semana_AI_20250812_1_PriscillaJimenezSalgado_MachineLearningTiposYPipeline-p-0009,chunks_paragraphs/2_Semana_AI_20250812_1_PriscillaJimenezSalgado_MachineLearningTiposYPipeline/chunk_0009.txt,1893,280,9
2_Semana_AI_20250812_1_PriscillaJimenezSalgado_MachineLearningTiposYPipeline,paragraphs,2_Semana_AI_20250812_1_PriscillaJimenezSalgado_MachineLearningTiposYPipeline-p-0010,chunks_paragraphs/2_Semana_AI_20250812_1_PriscillaJimenezSalgado_MachineLearningTiposYPipeline/chunk_0010.txt,268,36,10
2_Semana_AI_20250812_1_PriscillaJimenezSalgado_MachineLearningTiposYPipeline,paragraphs,2_Semana_AI_20250812_1_PriscillaJimenezSalgado_MachineLearningTiposYPipeline-p-0011,chunks_paragraphs/2_Semana_AI_20250812_1_PriscillaJimenezSalgado_MachineLearningTiposYPipeline/chunk_0011.txt,1030,151,11
2_Semana_AI_20250812_3_LuisAlfredoGonzalezSanchez_ModelosYTiposAprendizaje,paragraphs,2_Semana_AI_20250812_3_LuisAlfredoGonzalezSanchez_ModelosYTiposAprendizaje-p-0001,chunks_paragraphs/2_Semana_AI_20250812_3_LuisAlfredoGonzalezSanchez_ModelosYTiposAprendizaje/chunk_0001.txt,1950,301,1
2_Semana_AI_20250812_3_LuisAlfredoGonzalezSanchez_ModelosYTiposAprendizaje,paragraphs,2_Semana_AI_20250812_3_LuisAlfredoGonzalezSanchez_ModelosYTiposAprendizaje-p-0002,chunks_paragraphs/2_Semana_AI_20250812_3_LuisAlfredoGonzalezSanchez_ModelosYTiposAprendizaje/chunk_0002.txt,1398,226,2
2_Semana_AI_20250812_3_LuisAlfredoGonzalezSanchez_ModelosYTiposAprendizaje,paragraphs,2_Semana_AI_20250812_3_LuisAlfredoGonzalezSanchez_ModelosYTiposAprendizaje-p-0003,chunks_paragraphs/2_Semana_AI_20250812_3_LuisAlfredoGonzalezSanchez_ModelosYTiposAprendizaje/chunk_0003.txt,1684,271,3
2_Semana_AI_20250812_3_LuisAlfredoGonzalezSanchez_ModelosYTiposAprendizaje,paragraphs,2_Semana_AI_20250812_3_LuisAlfredoGonzalezSanchez_ModelosYTiposAprendizaje-p-0004,chunks_paragraphs/2_Semana_AI_20250812_3_LuisAlfredoGonzalezSanchez_ModelosYTiposAprendizaje/chunk_0004.txt,1925,316,4
2_Semana_AI_20250812_3_LuisAlfredoGonzalezSanchez_ModelosYTiposAprendizaje,paragraphs,2_Semana_AI_20250812_3_LuisAlfredoGonzalezSanchez_ModelosYTiposAprendizaje-p-0005,chunks_paragraphs/2_Semana_AI_20250812_3_LuisAlfredoGonzalezSanchez_ModelosYTiposAprendizaje/chunk_0005.txt,1277,200,5
2_Semana_AI_20250812_3_LuisAlfredoGonzalezSanchez_ModelosYTiposAprendizaje,paragraphs,2_Semana_AI_20250812_3_LuisAlfredoGonzalezSanchez_ModelosYTiposAprendizaje-p-0006,chunks_paragraphs/2_Semana_AI_20250812_3_LuisAlfredoGonzalezSanchez_ModelosYTiposAprendizaje/chunk_0006.txt,1970,334,6
2_Semana_AI_20250812_3_LuisAlfredoGonzalezSanchez_ModelosYTiposAprendizaje,paragraphs,2_Semana_AI_20250812_3_LuisAlfredoGonzalezSanchez_ModelosYTiposAprendizaje-p-0007,chunks_paragraphs/2_Semana_AI_20250812_3_LuisAlfredoGonzalezSanchez_ModelosYTiposAprendizaje/chunk_0007.txt,1523,247,7
2_Semana_AI_20250812_3_LuisAlfredoGonzalezSanchez_ModelosYTiposAprendizaje,paragraphs,2_Semana_AI_20250812_3_LuisAlfredoGonzalezSanchez_ModelosYTiposAprendizaje-p-0008,chunks_paragraphs/2_Semana_AI_20250812_3_LuisAlfredoGonzalezSanchez_ModelosYTiposAprendizaje/chunk_0008.txt,1159,197,8
2_Semana_AI_20250814_1_KendallRodrıguezCamacho_AlgebraLinealPyTorch,paragraphs,2_Semana_AI_20250814_1_KendallRodrıguezCamacho_AlgebraLinealPyTorch-p-0001,chunks_paragraphs/2_Semana_AI_20250814_1_KendallRodrıguezCamacho_AlgebraLinealPyTorch/chunk_0001.txt,1989,310,1
2_Semana_AI_20250814_1_KendallRodrıguezCamacho_AlgebraLinealPyTorch,paragraphs,2_Semana_AI_20250814_1_KendallRodrıguezCamacho_AlgebraLinealPyTorch-p-0002,chunks_paragraphs/2_Semana_AI_20250814_1_KendallRodrıguezCamacho_AlgebraLinealPyTorch/chunk_0002.txt,1947,286,2
2_Semana_AI_20250814_1_KendallRodrıguezCamacho_AlgebraLinealPyTorch,paragraphs,2_Semana_AI_20250814_1_KendallRodrıguezCamacho_AlgebraLinealPyTorch-p-0003,chunks_paragraphs/2_Semana_AI_20250814_1_KendallRodrıguezCamacho_AlgebraLinealPyTorch/chunk_0003.txt,444,58,3
2_Semana_AI_20250814_1_KendallRodrıguezCamacho_AlgebraLinealPyTorch,paragraphs,2_Semana_AI_20250814_1_KendallRodrıguezCamacho_AlgebraLinealPyTorch-p-0004,chunks_paragraphs/2_Semana_AI_20250814_1_KendallRodrıguezCamacho_AlgebraLinealPyTorch/chunk_0004.txt,1754,259,4
2_Semana_AI_20250814_1_KendallRodrıguezCamacho_AlgebraLinealPyTorch,paragraphs,2_Semana_AI_20250814_1_KendallRodrıguezCamacho_AlgebraLinealPyTorch-p-0005,chunks_paragraphs/2_Semana_AI_20250814_1_KendallRodrıguezCamacho_AlgebraLinealPyTorch/chunk_0005.txt,1806,261,5
2_Semana_AI_20250814_1_KendallRodrıguezCamacho_AlgebraLinealPyTorch,paragraphs,2_Semana_AI_20250814_1_KendallRodrıguezCamacho_AlgebraLinealPyTorch-p-0006,chunks_paragraphs/2_Semana_AI_20250814_1_KendallRodrıguezCamacho_AlgebraLinealPyTorch/chunk_0006.txt,542,82,6
2_Semana_AI_20250814_1_KendallRodrıguezCamacho_AlgebraLinealPyTorch,paragraphs,2_Semana_AI_20250814_1_KendallRodrıguezCamacho_AlgebraLinealPyTorch-p-0007,chunks_paragraphs/2_Semana_AI_20250814_1_KendallRodrıguezCamacho_AlgebraLinealPyTorch/chunk_0007.txt,1988,321,7
2_Semana_AI_20250814_1_KendallRodrıguezCamacho_AlgebraLinealPyTorch,paragraphs,2_Semana_AI_20250814_1_KendallRodrıguezCamacho_AlgebraLinealPyTorch-p-0008,chunks_paragraphs/2_Semana_AI_20250814_1_KendallRodrıguezCamacho_AlgebraLinealPyTorch/chunk_0008.txt,1125,190,8
2_Semana_AI_20250814_1_KendallRodrıguezCamacho_AlgebraLinealPyTorch,paragraphs,2_Semana_AI_20250814_1_KendallRodrıguezCamacho_AlgebraLinealPyTorch-p-0009,chunks_paragraphs/2_Semana_AI_20250814_1_KendallRodrıguezCamacho_AlgebraLinealPyTorch/chunk_0009.txt,1741,305,9
2_Semana_AI_20250814_1_KendallRodrıguezCamacho_AlgebraLinealPyTorch,paragraphs,2_Semana_AI_20250814_1_KendallRodrıguezCamacho_AlgebraLinealPyTorch-p-0010,chunks_paragraphs/2_Semana_AI_20250814_1_KendallRodrıguezCamacho_AlgebraLinealPyTorch/chunk_0010.txt,1678,268,10
2_Semana_AI_20250814_1_KendallRodrıguezCamacho_AlgebraLinealPyTorch,paragraphs,2_Semana_AI_20250814_1_KendallRodrıguezCamacho_AlgebraLinealPyTorch-p-0011,chunks_paragraphs/2_Semana_AI_20250814_1_KendallRodrıguezCamacho_AlgebraLinealPyTorch/chunk_0011.txt,1575,282,11
2_Semana_AI_20250814_1_KendallRodrıguezCamacho_AlgebraLinealPyTorch,paragraphs,2_Semana_AI_20250814_1_KendallRodrıguezCamacho_AlgebraLinealPyTorch-p-0012,chunks_paragraphs/2_Semana_AI_20250814_1_KendallRodrıguezCamacho_AlgebraLinealPyTorch/chunk_0012.txt,837,142,12
2_Semana_AI_20250814_1_KendallRodrıguezCamacho_AlgebraLinealPyTorch,paragraphs,2_Semana_AI_20250814_1_KendallRodrıguezCamacho_AlgebraLinealPyTorch-p-0013,chunks_paragraphs/2_Semana_AI_20250814_1_KendallRodrıguezCamacho_AlgebraLinealPyTorch/chunk_0013.txt,1220,178,13
2_Semana_AI_20250814_2_JosePabloQuesadaRodrıguez_MLOpsYTensores,paragraphs,2_Semana_AI_20250814_2_JosePabloQuesadaRodrıguez_MLOpsYTensores-p-0001,chunks_paragraphs/2_Semana_AI_20250814_2_JosePabloQuesadaRodrıguez_MLOpsYTensores/chunk_0001.txt,1582,231,1
2_Semana_AI_20250814_2_JosePabloQuesadaRodrıguez_MLOpsYTensores,paragraphs,2_Semana_AI_20250814_2_JosePabloQuesadaRodrıguez_MLOpsYTensores-p-0002,chunks_paragraphs/2_Semana_AI_20250814_2_JosePabloQuesadaRodrıguez_MLOpsYTensores/chunk_0002.txt,1478,222,2
2_Semana_AI_20250814_2_JosePabloQuesadaRodrıguez_MLOpsYTensores,paragraphs,2_Semana_AI_20250814_2_JosePabloQuesadaRodrıguez_MLOpsYTensores-p-0003,chunks_paragraphs/2_Semana_AI_20250814_2_JosePabloQuesadaRodrıguez_MLOpsYTensores/chunk_0003.txt,1302,195,3
2_Semana_AI_20250814_2_JosePabloQuesadaRodrıguez_MLOpsYTensores,paragraphs,2_Semana_AI_20250814_2_JosePabloQuesadaRodrıguez_MLOpsYTensores-p-0004,chunks_paragraphs/2_Semana_AI_20250814_2_JosePabloQuesadaRodrıguez_MLOpsYTensores/chunk_0004.txt,1951,320,4
2_Semana_AI_20250814_2_JosePabloQuesadaRodrıguez_MLOpsYTensores,paragraphs,2_Semana_AI_20250814_2_JosePabloQuesadaRodrıguez_MLOpsYTensores-p-0005,chunks_paragraphs/2_Semana_AI_20250814_2_JosePabloQuesadaRodrıguez_MLOpsYTensores/chunk_0005.txt,698,107,5
2_Semana_AI_20250814_2_JosePabloQuesadaRodrıguez_MLOpsYTensores,paragraphs,2_Semana_AI_20250814_2_JosePabloQuesadaRodrıguez_MLOpsYTensores-p-0006,chunks_paragraphs/2_Semana_AI_20250814_2_JosePabloQuesadaRodrıguez_MLOpsYTensores/chunk_0006.txt,1899,294,6
2_Semana_AI_20250814_2_JosePabloQuesadaRodrıguez_MLOpsYTensores,paragraphs,2_Semana_AI_20250814_2_JosePabloQuesadaRodrıguez_MLOpsYTensores-p-0007,chunks_paragraphs/2_Semana_AI_20250814_2_JosePabloQuesadaRodrıguez_MLOpsYTensores/chunk_0007.txt,1439,220,7
2_Semana_AI_20250814_2_JosePabloQuesadaRodrıguez_MLOpsYTensores,paragraphs,2_Semana_AI_20250814_2_JosePabloQuesadaRodrıguez_MLOpsYTensores-p-0008,chunks_paragraphs/2_Semana_AI_20250814_2_JosePabloQuesadaRodrıguez_MLOpsYTensores/chunk_0008.txt,1930,285,8
2_Semana_AI_20250814_2_JosePabloQuesadaRodrıguez_MLOpsYTensores,paragraphs,2_Semana_AI_20250814_2_JosePabloQuesadaRodrıguez_MLOpsYTensores-p-0009,chunks_paragraphs/2_Semana_AI_20250814_2_JosePabloQuesadaRodrıguez_MLOpsYTensores/chunk_0009.txt,931,172,9
2_Semana_AI_20250814_2_JosePabloQuesadaRodrıguez_MLOpsYTensores,paragraphs,2_Semana_AI_20250814_2_JosePabloQuesadaRodrıguez_MLOpsYTensores-p-0010,chunks_paragraphs/2_Semana_AI_20250814_2_JosePabloQuesadaRodrıguez_MLOpsYTensores/chunk_0010.txt,1925,327,10
2_Semana_AI_20250814_2_JosePabloQuesadaRodrıguez_MLOpsYTensores,paragraphs,2_Semana_AI_20250814_2_JosePabloQuesadaRodrıguez_MLOpsYTensores-p-0011,chunks_paragraphs/2_Semana_AI_20250814_2_JosePabloQuesadaRodrıguez_MLOpsYTensores/chunk_0011.txt,718,113,11
3_Semana_AI_20250819_1_JavierRojasRojas_VectoresYAprendizajeSupervisado,paragraphs,3_Semana_AI_20250819_1_JavierRojasRojas_VectoresYAprendizajeSupervisado-p-0001,chunks_paragraphs/3_Semana_AI_20250819_1_JavierRojasRojas_VectoresYAprendizajeSupervisado/chunk_0001.txt,1987,282,1
3_Semana_AI_20250819_1_JavierRojasRojas_VectoresYAprendizajeSupervisado,paragraphs,3_Semana_AI_20250819_1_JavierRojasRojas_VectoresYAprendizajeSupervisado-p-0002,chunks_paragraphs/3_Semana_AI_20250819_1_JavierRojasRojas_VectoresYAprendizajeSupervisado/chunk_0002.txt,1397,241,2
3_Semana_AI_20250819_1_JavierRojasRojas_VectoresYAprendizajeSupervisado,paragraphs,3_Semana_AI_20250819_1_JavierRojasRojas_VectoresYAprendizajeSupervisado-p-0003,chunks_paragraphs/3_Semana_AI_20250819_1_JavierRojasRojas_VectoresYAprendizajeSupervisado/chunk_0003.txt,1605,267,3
3_Semana_AI_20250819_1_JavierRojasRojas_VectoresYAprendizajeSupervisado,paragraphs,3_Semana_AI_20250819_1_JavierRojasRojas_VectoresYAprendizajeSupervisado-p-0004,chunks_paragraphs/3_Semana_AI_20250819_1_JavierRojasRojas_VectoresYAprendizajeSupervisado/chunk_0004.txt,430,79,4
3_Semana_AI_20250819_1_JavierRojasRojas_VectoresYAprendizajeSupervisado,paragraphs,3_Semana_AI_20250819_1_JavierRojasRojas_VectoresYAprendizajeSupervisado-p-0005,chunks_paragraphs/3_Semana_AI_20250819_1_JavierRojasRojas_VectoresYAprendizajeSupervisado/chunk_0005.txt,1937,337,5
3_Semana_AI_20250819_1_JavierRojasRojas_VectoresYAprendizajeSupervisado,paragraphs,3_Semana_AI_20250819_1_JavierRojasRojas_VectoresYAprendizajeSupervisado-p-0006,chunks_paragraphs/3_Semana_AI_20250819_1_JavierRojasRojas_VectoresYAprendizajeSupervisado/chunk_0006.txt,509,84,6
3_Semana_AI_20250819_1_JavierRojasRojas_VectoresYAprendizajeSupervisado,paragraphs,3_Semana_AI_20250819_1_JavierRojasRojas_VectoresYAprendizajeSupervisado-p-0007,chunks_paragraphs/3_Semana_AI_20250819_1_JavierRojasRojas_VectoresYAprendizajeSupervisado/chunk_0007.txt,1967,308,7
3_Semana_AI_20250819_1_JavierRojasRojas_VectoresYAprendizajeSupervisado,paragraphs,3_Semana_AI_20250819_1_JavierRojasRojas_VectoresYAprendizajeSupervisado-p-0008,chunks_paragraphs/3_Semana_AI_20250819_1_JavierRojasRojas_VectoresYAprendizajeSupervisado/chunk_0008.txt,478,64,8
3_Semana_AI_20250819_2_MarianaQuesadaSanchez_AlgebraLinealYAprendizajeSupervisado,paragraphs,3_Semana_AI_20250819_2_MarianaQuesadaSanchez_AlgebraLinealYAprendizajeSupervisado-p-0001,chunks_paragraphs/3_Semana_AI_20250819_2_MarianaQuesadaSanchez_AlgebraLinealYAprendizajeSupervisado/chunk_0001.txt,1945,305,1
3_Semana_AI_20250819_2_MarianaQuesadaSanchez_AlgebraLinealYAprendizajeSupervisado,paragraphs,3_Semana_AI_20250819_2_MarianaQuesadaSanchez_AlgebraLinealYAprendizajeSupervisado-p-0002,chunks_paragraphs/3_Semana_AI_20250819_2_MarianaQuesadaSanchez_AlgebraLinealYAprendizajeSupervisado/chunk_0002.txt,1229,206,2
3_Semana_AI_20250819_2_MarianaQuesadaSanchez_AlgebraLinealYAprendizajeSupervisado,paragraphs,3_Semana_AI_20250819_2_MarianaQuesadaSanchez_AlgebraLinealYAprendizajeSupervisado-p-0003,chunks_paragraphs/3_Semana_AI_20250819_2_MarianaQuesadaSanchez_AlgebraLinealYAprendizajeSupervisado/chunk_0003.txt,1969,329,3
3_Semana_AI_20250819_2_MarianaQuesadaSanchez_AlgebraLinealYAprendizajeSupervisado,paragraphs,3_Semana_AI_20250819_2_MarianaQuesadaSanchez_AlgebraLinealYAprendizajeSupervisado-p-0004,chunks_paragraphs/3_Semana_AI_20250819_2_MarianaQuesadaSanchez_AlgebraLinealYAprendizajeSupervisado/chunk_0004.txt,572,98,4
3_Semana_AI_20250819_2_MarianaQuesadaSanchez_AlgebraLinealYAprendizajeSupervisado,paragraphs,3_Semana_AI_20250819_2_MarianaQuesadaSanchez_AlgebraLinealYAprendizajeSupervisado-p-0005,chunks_paragraphs/3_Semana_AI_20250819_2_MarianaQuesadaSanchez_AlgebraLinealYAprendizajeSupervisado/chunk_0005.txt,1949,298,5
3_Semana_AI_20250819_2_MarianaQuesadaSanchez_AlgebraLinealYAprendizajeSupervisado,paragraphs,3_Semana_AI_20250819_2_MarianaQuesadaSanchez_AlgebraLinealYAprendizajeSupervisado-p-0006,chunks_paragraphs/3_Semana_AI_20250819_2_MarianaQuesadaSanchez_AlgebraLinealYAprendizajeSupervisado/chunk_0006.txt,776,105,6
3_Semana_AI_20250821_1_JulioVarelaVenegas_AlgebraLinealYProgramacionVectorial,paragraphs,3_Semana_AI_20250821_1_JulioVarelaVenegas_AlgebraLinealYProgramacionVectorial-p-0001,chunks_paragraphs/3_Semana_AI_20250821_1_JulioVarelaVenegas_AlgebraLinealYProgramacionVectorial/chunk_0001.txt,1899,264,1
3_Semana_AI_20250821_1_JulioVarelaVenegas_AlgebraLinealYProgramacionVectorial,paragraphs,3_Semana_AI_20250821_1_JulioVarelaVenegas_AlgebraLinealYProgramacionVectorial-p-0002,chunks_paragraphs/3_Semana_AI_20250821_1_JulioVarelaVenegas_AlgebraLinealYProgramacionVectorial/chunk_0002.txt,1972,309,2
3_Semana_AI_20250821_1_JulioVarelaVenegas_AlgebraLinealYProgramacionVectorial,paragraphs,3_Semana_AI_20250821_1_JulioVarelaVenegas_AlgebraLinealYProgramacionVectorial-p-0003,chunks_paragraphs/3_Semana_AI_20250821_1_JulioVarelaVenegas_AlgebraLinealYProgramacionVectorial/chunk_0003.txt,76,13,3
3_Semana_AI_20250821_1_JulioVarelaVenegas_AlgebraLinealYProgramacionVectorial,paragraphs,3_Semana_AI_20250821_1_JulioVarelaVenegas_AlgebraLinealYProgramacionVectorial-p-0004,chunks_paragraphs/3_Semana_AI_20250821_1_JulioVarelaVenegas_AlgebraLinealYProgramacionVectorial/chunk_0004.txt,1938,289,4
3_Semana_AI_20250821_1_JulioVarelaVenegas_AlgebraLinealYProgramacionVectorial,paragraphs,3_Semana_AI_20250821_1_JulioVarelaVenegas_AlgebraLinealYProgramacionVectorial-p-0005,chunks_paragraphs/3_Semana_AI_20250821_1_JulioVarelaVenegas_AlgebraLinealYProgramacionVectorial/chunk_0005.txt,663,95,5
3_Semana_AI_20250821_1_JulioVarelaVenegas_AlgebraLinealYProgramacionVectorial,paragraphs,3_Semana_AI_20250821_1_JulioVarelaVenegas_AlgebraLinealYProgramacionVectorial-p-0006,chunks_paragraphs/3_Semana_AI_20250821_1_JulioVarelaVenegas_AlgebraLinealYProgramacionVectorial/chunk_0006.txt,1930,273,6
3_Semana_AI_20250821_1_JulioVarelaVenegas_AlgebraLinealYProgramacionVectorial,paragraphs,3_Semana_AI_20250821_1_JulioVarelaVenegas_AlgebraLinealYProgramacionVectorial-p-0007,chunks_paragraphs/3_Semana_AI_20250821_1_JulioVarelaVenegas_AlgebraLinealYProgramacionVectorial/chunk_0007.txt,835,127,7
4_Semana_AI_20250826_1_AndresSanchezRojas_KNNRegresionLinealGradiente,paragraphs,4_Semana_AI_20250826_1_AndresSanchezRojas_KNNRegresionLinealGradiente-p-0001,chunks_paragraphs/4_Semana_AI_20250826_1_AndresSanchezRojas_KNNRegresionLinealGradiente/chunk_0001.txt,1832,313,1
4_Semana_AI_20250826_1_AndresSanchezRojas_KNNRegresionLinealGradiente,paragraphs,4_Semana_AI_20250826_1_AndresSanchezRojas_KNNRegresionLinealGradiente-p-0002,chunks_paragraphs/4_Semana_AI_20250826_1_AndresSanchezRojas_KNNRegresionLinealGradiente/chunk_0002.txt,1163,181,2
4_Semana_AI_20250826_1_AndresSanchezRojas_KNNRegresionLinealGradiente,paragraphs,4_Semana_AI_20250826_1_AndresSanchezRojas_KNNRegresionLinealGradiente-p-0003,chunks_paragraphs/4_Semana_AI_20250826_1_AndresSanchezRojas_KNNRegresionLinealGradiente/chunk_0003.txt,1991,344,3
4_Semana_AI_20250826_1_AndresSanchezRojas_KNNRegresionLinealGradiente,paragraphs,4_Semana_AI_20250826_1_AndresSanchezRojas_KNNRegresionLinealGradiente-p-0004,chunks_paragraphs/4_Semana_AI_20250826_1_AndresSanchezRojas_KNNRegresionLinealGradiente/chunk_0004.txt,360,62,4
4_Semana_AI_20250826_2_LuisFelipeCalderonPerez_KNNRegresionLineal,paragraphs,4_Semana_AI_20250826_2_LuisFelipeCalderonPerez_KNNRegresionLineal-p-0001,chunks_paragraphs/4_Semana_AI_20250826_2_LuisFelipeCalderonPerez_KNNRegresionLineal/chunk_0001.txt,1975,309,1
4_Semana_AI_20250826_2_LuisFelipeCalderonPerez_KNNRegresionLineal,paragraphs,4_Semana_AI_20250826_2_LuisFelipeCalderonPerez_KNNRegresionLineal-p-0002,chunks_paragraphs/4_Semana_AI_20250826_2_LuisFelipeCalderonPerez_KNNRegresionLineal/chunk_0002.txt,150,22,2
4_Semana_AI_20250826_2_LuisFelipeCalderonPerez_KNNRegresionLineal,paragraphs,4_Semana_AI_20250826_2_LuisFelipeCalderonPerez_KNNRegresionLineal-p-0003,chunks_paragraphs/4_Semana_AI_20250826_2_LuisFelipeCalderonPerez_KNNRegresionLineal/chunk_0003.txt,1605,263,3
4_Semana_AI_20250826_2_LuisFelipeCalderonPerez_KNNRegresionLineal,paragraphs,4_Semana_AI_20250826_2_LuisFelipeCalderonPerez_KNNRegresionLineal-p-0004,chunks_paragraphs/4_Semana_AI_20250826_2_LuisFelipeCalderonPerez_KNNRegresionLineal/chunk_0004.txt,1816,305,4
4_Semana_AI_20250826_2_LuisFelipeCalderonPerez_KNNRegresionLineal,paragraphs,4_Semana_AI_20250826_2_LuisFelipeCalderonPerez_KNNRegresionLineal-p-0005,chunks_paragraphs/4_Semana_AI_20250826_2_LuisFelipeCalderonPerez_KNNRegresionLineal/chunk_0005.txt,881,140,5
4_Semana_AI_20250826_2_LuisFelipeCalderonPerez_KNNRegresionLineal,paragraphs,4_Semana_AI_20250826_2_LuisFelipeCalderonPerez_KNNRegresionLineal-p-0006,chunks_paragraphs/4_Semana_AI_20250826_2_LuisFelipeCalderonPerez_KNNRegresionLineal/chunk_0006.txt,151,25,6
4_Semana_AI_20250828_1_JuanDiegoJimenezValverde_MSEDescensoGradiente,paragraphs,4_Semana_AI_20250828_1_JuanDiegoJimenezValverde_MSEDescensoGradiente-p-0001,chunks_paragraphs/4_Semana_AI_20250828_1_JuanDiegoJimenezValverde_MSEDescensoGradiente/chunk_0001.txt,1971,291,1
4_Semana_AI_20250828_1_JuanDiegoJimenezValverde_MSEDescensoGradiente,paragraphs,4_Semana_AI_20250828_1_JuanDiegoJimenezValverde_MSEDescensoGradiente-p-0002,chunks_paragraphs/4_Semana_AI_20250828_1_JuanDiegoJimenezValverde_MSEDescensoGradiente/chunk_0002.txt,1923,272,2
4_Semana_AI_20250828_1_JuanDiegoJimenezValverde_MSEDescensoGradiente,paragraphs,4_Semana_AI_20250828_1_JuanDiegoJimenezValverde_MSEDescensoGradiente-p-0003,chunks_paragraphs/4_Semana_AI_20250828_1_JuanDiegoJimenezValverde_MSEDescensoGradiente/chunk_0003.txt,1974,323,3
4_Semana_AI_20250828_1_JuanDiegoJimenezValverde_MSEDescensoGradiente,paragraphs,4_Semana_AI_20250828_1_JuanDiegoJimenezValverde_MSEDescensoGradiente-p-0004,chunks_paragraphs/4_Semana_AI_20250828_1_JuanDiegoJimenezValverde_MSEDescensoGradiente/chunk_0004.txt,726,113,4
4_Semana_AI_20250828_1_JuanDiegoJimenezValverde_MSEDescensoGradiente,paragraphs,4_Semana_AI_20250828_1_JuanDiegoJimenezValverde_MSEDescensoGradiente-p-0005,chunks_paragraphs/4_Semana_AI_20250828_1_JuanDiegoJimenezValverde_MSEDescensoGradiente/chunk_0005.txt,1962,339,5
4_Semana_AI_20250828_1_JuanDiegoJimenezValverde_MSEDescensoGradiente,paragraphs,4_Semana_AI_20250828_1_JuanDiegoJimenezValverde_MSEDescensoGradiente-p-0006,chunks_paragraphs/4_Semana_AI_20250828_1_JuanDiegoJimenezValverde_MSEDescensoGradiente/chunk_0006.txt,718,110,6
4_Semana_AI_20250828_1_JuanDiegoJimenezValverde_MSEDescensoGradiente,paragraphs,4_Semana_AI_20250828_1_JuanDiegoJimenezValverde_MSEDescensoGradiente-p-0007,chunks_paragraphs/4_Semana_AI_20250828_1_JuanDiegoJimenezValverde_MSEDescensoGradiente/chunk_0007.txt,2000,288,7
4_Semana_AI_20250828_1_JuanDiegoJimenezValverde_MSEDescensoGradiente,paragraphs,4_Semana_AI_20250828_1_JuanDiegoJimenezValverde_MSEDescensoGradiente-p-0008,chunks_paragraphs/4_Semana_AI_20250828_1_JuanDiegoJimenezValverde_MSEDescensoGradiente/chunk_0008.txt,809,107,8
4_Semana_AI_20250828_2_AlexStevenNaranajoMasis_DerivadasParcialesEpochBatch,paragraphs,4_Semana_AI_20250828_2_AlexStevenNaranajoMasis_DerivadasParcialesEpochBatch-p-0001,chunks_paragraphs/4_Semana_AI_20250828_2_AlexStevenNaranajoMasis_DerivadasParcialesEpochBatch/chunk_0001.txt,1974,309,1
4_Semana_AI_20250828_2_AlexStevenNaranajoMasis_DerivadasParcialesEpochBatch,paragraphs,4_Semana_AI_20250828_2_AlexStevenNaranajoMasis_DerivadasParcialesEpochBatch-p-0002,chunks_paragraphs/4_Semana_AI_20250828_2_AlexStevenNaranajoMasis_DerivadasParcialesEpochBatch/chunk_0002.txt,937,153,2
4_Semana_AI_20250828_2_AlexStevenNaranajoMasis_DerivadasParcialesEpochBatch,paragraphs,4_Semana_AI_20250828_2_AlexStevenNaranajoMasis_DerivadasParcialesEpochBatch-p-0003,chunks_paragraphs/4_Semana_AI_20250828_2_AlexStevenNaranajoMasis_DerivadasParcialesEpochBatch/chunk_0003.txt,1911,315,3
4_Semana_AI_20250828_2_AlexStevenNaranajoMasis_DerivadasParcialesEpochBatch,paragraphs,4_Semana_AI_20250828_2_AlexStevenNaranajoMasis_DerivadasParcialesEpochBatch-p-0004,chunks_paragraphs/4_Semana_AI_20250828_2_AlexStevenNaranajoMasis_DerivadasParcialesEpochBatch/chunk_0004.txt,1290,203,4
4_Semana_AI_20250828_2_AlexStevenNaranajoMasis_DerivadasParcialesEpochBatch,paragraphs,4_Semana_AI_20250828_2_AlexStevenNaranajoMasis_DerivadasParcialesEpochBatch-p-0005,chunks_paragraphs/4_Semana_AI_20250828_2_AlexStevenNaranajoMasis_DerivadasParcialesEpochBatch/chunk_0005.txt,1838,263,5
5_Semana_AI_20250902_1_IanMurilloCampos_SesgoVarianzaRegresionLineal,paragraphs,5_Semana_AI_20250902_1_IanMurilloCampos_SesgoVarianzaRegresionLineal-p-0001,chunks_paragraphs/5_Semana_AI_20250902_1_IanMurilloCampos_SesgoVarianzaRegresionLineal/chunk_0001.txt,1749,264,1
5_Semana_AI_20250902_1_IanMurilloCampos_SesgoVarianzaRegresionLineal,paragraphs,5_Semana_AI_20250902_1_IanMurilloCampos_SesgoVarianzaRegresionLineal-p-0002,chunks_paragraphs/5_Semana_AI_20250902_1_IanMurilloCampos_SesgoVarianzaRegresionLineal/chunk_0002.txt,1401,225,2
5_Semana_AI_20250902_1_IanMurilloCampos_SesgoVarianzaRegresionLineal,paragraphs,5_Semana_AI_20250902_1_IanMurilloCampos_SesgoVarianzaRegresionLineal-p-0003,chunks_paragraphs/5_Semana_AI_20250902_1_IanMurilloCampos_SesgoVarianzaRegresionLineal/chunk_0003.txt,1827,309,3
5_Semana_AI_20250902_1_IanMurilloCampos_SesgoVarianzaRegresionLineal,paragraphs,5_Semana_AI_20250902_1_IanMurilloCampos_SesgoVarianzaRegresionLineal-p-0004,chunks_paragraphs/5_Semana_AI_20250902_1_IanMurilloCampos_SesgoVarianzaRegresionLineal/chunk_0004.txt,811,127,4
5_Semana_AI_20250902_1_IanMurilloCampos_SesgoVarianzaRegresionLineal,paragraphs,5_Semana_AI_20250902_1_IanMurilloCampos_SesgoVarianzaRegresionLineal-p-0005,chunks_paragraphs/5_Semana_AI_20250902_1_IanMurilloCampos_SesgoVarianzaRegresionLineal/chunk_0005.txt,1819,296,5
5_Semana_AI_20250902_1_IanMurilloCampos_SesgoVarianzaRegresionLineal,paragraphs,5_Semana_AI_20250902_1_IanMurilloCampos_SesgoVarianzaRegresionLineal-p-0006,chunks_paragraphs/5_Semana_AI_20250902_1_IanMurilloCampos_SesgoVarianzaRegresionLineal/chunk_0006.txt,1507,246,6
5_Semana_AI_20250902_1_IanMurilloCampos_SesgoVarianzaRegresionLineal,paragraphs,5_Semana_AI_20250902_1_IanMurilloCampos_SesgoVarianzaRegresionLineal-p-0007,chunks_paragraphs/5_Semana_AI_20250902_1_IanMurilloCampos_SesgoVarianzaRegresionLineal/chunk_0007.txt,895,140,7
5_Semana_AI_20250902_1_IanMurilloCampos_SesgoVarianzaRegresionLineal,paragraphs,5_Semana_AI_20250902_1_IanMurilloCampos_SesgoVarianzaRegresionLineal-p-0008,chunks_paragraphs/5_Semana_AI_20250902_1_IanMurilloCampos_SesgoVarianzaRegresionLineal/chunk_0008.txt,269,38,8
5_Semana_AI_20250902_2_EderVegaSuazo_SesgoVarianzaOutliers,paragraphs,5_Semana_AI_20250902_2_EderVegaSuazo_SesgoVarianzaOutliers-p-0001,chunks_paragraphs/5_Semana_AI_20250902_2_EderVegaSuazo_SesgoVarianzaOutliers/chunk_0001.txt,1903,275,1
5_Semana_AI_20250902_2_EderVegaSuazo_SesgoVarianzaOutliers,paragraphs,5_Semana_AI_20250902_2_EderVegaSuazo_SesgoVarianzaOutliers-p-0002,chunks_paragraphs/5_Semana_AI_20250902_2_EderVegaSuazo_SesgoVarianzaOutliers/chunk_0002.txt,1259,164,2
5_Semana_AI_20250902_2_EderVegaSuazo_SesgoVarianzaOutliers,paragraphs,5_Semana_AI_20250902_2_EderVegaSuazo_SesgoVarianzaOutliers-p-0003,chunks_paragraphs/5_Semana_AI_20250902_2_EderVegaSuazo_SesgoVarianzaOutliers/chunk_0003.txt,1995,267,3
5_Semana_AI_20250902_2_EderVegaSuazo_SesgoVarianzaOutliers,paragraphs,5_Semana_AI_20250902_2_EderVegaSuazo_SesgoVarianzaOutliers-p-0004,chunks_paragraphs/5_Semana_AI_20250902_2_EderVegaSuazo_SesgoVarianzaOutliers/chunk_0004.txt,304,40,4
5_Semana_AI_20250904_1_ LuisFernandoBenavidesVillegas_RegresionLogistica,paragraphs,5_Semana_AI_20250904_1_ LuisFernandoBenavidesVillegas_RegresionLogistica-p-0001,chunks_paragraphs/5_Semana_AI_20250904_1_ LuisFernandoBenavidesVillegas_RegresionLogistica/chunk_0001.txt,1992,298,1
5_Semana_AI_20250904_1_ LuisFernandoBenavidesVillegas_RegresionLogistica,paragraphs,5_Semana_AI_20250904_1_ LuisFernandoBenavidesVillegas_RegresionLogistica-p-0002,chunks_paragraphs/5_Semana_AI_20250904_1_ LuisFernandoBenavidesVillegas_RegresionLogistica/chunk_0002.txt,1879,294,2
5_Semana_AI_20250904_1_ LuisFernandoBenavidesVillegas_RegresionLogistica,paragraphs,5_Semana_AI_20250904_1_ LuisFernandoBenavidesVillegas_RegresionLogistica-p-0003,chunks_paragraphs/5_Semana_AI_20250904_1_ LuisFernandoBenavidesVillegas_RegresionLogistica/chunk_0003.txt,419,64,3
5_Semana_AI_20250904_1_ LuisFernandoBenavidesVillegas_RegresionLogistica,paragraphs,5_Semana_AI_20250904_1_ LuisFernandoBenavidesVillegas_RegresionLogistica-p-0004,chunks_paragraphs/5_Semana_AI_20250904_1_ LuisFernandoBenavidesVillegas_RegresionLogistica/chunk_0004.txt,1979,317,4
5_Semana_AI_20250904_1_ LuisFernandoBenavidesVillegas_RegresionLogistica,paragraphs,5_Semana_AI_20250904_1_ LuisFernandoBenavidesVillegas_RegresionLogistica-p-0005,chunks_paragraphs/5_Semana_AI_20250904_1_ LuisFernandoBenavidesVillegas_RegresionLogistica/chunk_0005.txt,1426,238,5
5_Semana_AI_20250904_1_ LuisFernandoBenavidesVillegas_RegresionLogistica,paragraphs,5_Semana_AI_20250904_1_ LuisFernandoBenavidesVillegas_RegresionLogistica-p-0006,chunks_paragraphs/5_Semana_AI_20250904_1_ LuisFernandoBenavidesVillegas_RegresionLogistica/chunk_0006.txt,1912,283,6
5_Semana_AI_20250904_1_ LuisFernandoBenavidesVillegas_RegresionLogistica,paragraphs,5_Semana_AI_20250904_1_ LuisFernandoBenavidesVillegas_RegresionLogistica-p-0007,chunks_paragraphs/5_Semana_AI_20250904_1_ LuisFernandoBenavidesVillegas_RegresionLogistica/chunk_0007.txt,832,154,7
5_Semana_AI_20250904_1_ LuisFernandoBenavidesVillegas_RegresionLogistica,paragraphs,5_Semana_AI_20250904_1_ LuisFernandoBenavidesVillegas_RegresionLogistica-p-0008,chunks_paragraphs/5_Semana_AI_20250904_1_ LuisFernandoBenavidesVillegas_RegresionLogistica/chunk_0008.txt,1991,312,8
5_Semana_AI_20250904_1_ LuisFernandoBenavidesVillegas_RegresionLogistica,paragraphs,5_Semana_AI_20250904_1_ LuisFernandoBenavidesVillegas_RegresionLogistica-p-0009,chunks_paragraphs/5_Semana_AI_20250904_1_ LuisFernandoBenavidesVillegas_RegresionLogistica/chunk_0009.txt,983,164,9
5_Semana_AI_20250904_1_ LuisFernandoBenavidesVillegas_RegresionLogistica,paragraphs,5_Semana_AI_20250904_1_ LuisFernandoBenavidesVillegas_RegresionLogistica-p-0010,chunks_paragraphs/5_Semana_AI_20250904_1_ LuisFernandoBenavidesVillegas_RegresionLogistica/chunk_0010.txt,347,30,10
5_Semana_AI_20250904_2_MauricioCamposCerdas_OutliersYRegresionLogistica,paragraphs,5_Semana_AI_20250904_2_MauricioCamposCerdas_OutliersYRegresionLogistica-p-0001,chunks_paragraphs/5_Semana_AI_20250904_2_MauricioCamposCerdas_OutliersYRegresionLogistica/chunk_0001.txt,1851,287,1
5_Semana_AI_20250904_2_MauricioCamposCerdas_OutliersYRegresionLogistica,paragraphs,5_Semana_AI_20250904_2_MauricioCamposCerdas_OutliersYRegresionLogistica-p-0002,chunks_paragraphs/5_Semana_AI_20250904_2_MauricioCamposCerdas_OutliersYRegresionLogistica/chunk_0002.txt,1861,288,2
5_Semana_AI_20250904_2_MauricioCamposCerdas_OutliersYRegresionLogistica,paragraphs,5_Semana_AI_20250904_2_MauricioCamposCerdas_OutliersYRegresionLogistica-p-0003,chunks_paragraphs/5_Semana_AI_20250904_2_MauricioCamposCerdas_OutliersYRegresionLogistica/chunk_0003.txt,1944,306,3
5_Semana_AI_20250904_2_MauricioCamposCerdas_OutliersYRegresionLogistica,paragraphs,5_Semana_AI_20250904_2_MauricioCamposCerdas_OutliersYRegresionLogistica-p-0004,chunks_paragraphs/5_Semana_AI_20250904_2_MauricioCamposCerdas_OutliersYRegresionLogistica/chunk_0004.txt,1526,244,4
5_Semana_AI_20250904_2_MauricioCamposCerdas_OutliersYRegresionLogistica,paragraphs,5_Semana_AI_20250904_2_MauricioCamposCerdas_OutliersYRegresionLogistica-p-0005,chunks_paragraphs/5_Semana_AI_20250904_2_MauricioCamposCerdas_OutliersYRegresionLogistica/chunk_0005.txt,1534,220,5
6_Semana_AI_20250909_1_JuanPabloRodriguezCano_RegresionLogisticaVerosoimilitud,paragraphs,6_Semana_AI_20250909_1_JuanPabloRodriguezCano_RegresionLogisticaVerosoimilitud-p-0001,chunks_paragraphs/6_Semana_AI_20250909_1_JuanPabloRodriguezCano_RegresionLogisticaVerosoimilitud/chunk_0001.txt,1864,314,1
6_Semana_AI_20250909_1_JuanPabloRodriguezCano_RegresionLogisticaVerosoimilitud,paragraphs,6_Semana_AI_20250909_1_JuanPabloRodriguezCano_RegresionLogisticaVerosoimilitud-p-0002,chunks_paragraphs/6_Semana_AI_20250909_1_JuanPabloRodriguezCano_RegresionLogisticaVerosoimilitud/chunk_0002.txt,1333,222,2
6_Semana_AI_20250909_1_JuanPabloRodriguezCano_RegresionLogisticaVerosoimilitud,paragraphs,6_Semana_AI_20250909_1_JuanPabloRodriguezCano_RegresionLogisticaVerosoimilitud-p-0003,chunks_paragraphs/6_Semana_AI_20250909_1_JuanPabloRodriguezCano_RegresionLogisticaVerosoimilitud/chunk_0003.txt,1973,332,3
6_Semana_AI_20250909_1_JuanPabloRodriguezCano_RegresionLogisticaVerosoimilitud,paragraphs,6_Semana_AI_20250909_1_JuanPabloRodriguezCano_RegresionLogisticaVerosoimilitud-p-0004,chunks_paragraphs/6_Semana_AI_20250909_1_JuanPabloRodriguezCano_RegresionLogisticaVerosoimilitud/chunk_0004.txt,517,80,4
6_Semana_AI_20250909_2_AshleyVasquez_RegresionLogisticaSigmoide,paragraphs,6_Semana_AI_20250909_2_AshleyVasquez_RegresionLogisticaSigmoide-p-0001,chunks_paragraphs/6_Semana_AI_20250909_2_AshleyVasquez_RegresionLogisticaSigmoide/chunk_0001.txt,1913,290,1
6_Semana_AI_20250909_2_AshleyVasquez_RegresionLogisticaSigmoide,paragraphs,6_Semana_AI_20250909_2_AshleyVasquez_RegresionLogisticaSigmoide-p-0002,chunks_paragraphs/6_Semana_AI_20250909_2_AshleyVasquez_RegresionLogisticaSigmoide/chunk_0002.txt,1330,207,2
6_Semana_AI_20250909_2_AshleyVasquez_RegresionLogisticaSigmoide,paragraphs,6_Semana_AI_20250909_2_AshleyVasquez_RegresionLogisticaSigmoide-p-0003,chunks_paragraphs/6_Semana_AI_20250909_2_AshleyVasquez_RegresionLogisticaSigmoide/chunk_0003.txt,1715,272,3
6_Semana_AI_20250909_2_AshleyVasquez_RegresionLogisticaSigmoide,paragraphs,6_Semana_AI_20250909_2_AshleyVasquez_RegresionLogisticaSigmoide-p-0004,chunks_paragraphs/6_Semana_AI_20250909_2_AshleyVasquez_RegresionLogisticaSigmoide/chunk_0004.txt,1351,202,4
6_Semana_AI_20250911_1_AndreyUrenaBermudez_RegresionLogisticaGradiente,paragraphs,6_Semana_AI_20250911_1_AndreyUrenaBermudez_RegresionLogisticaGradiente-p-0001,chunks_paragraphs/6_Semana_AI_20250911_1_AndreyUrenaBermudez_RegresionLogisticaGradiente/chunk_0001.txt,1876,272,1
6_Semana_AI_20250911_1_AndreyUrenaBermudez_RegresionLogisticaGradiente,paragraphs,6_Semana_AI_20250911_1_AndreyUrenaBermudez_RegresionLogisticaGradiente-p-0002,chunks_paragraphs/6_Semana_AI_20250911_1_AndreyUrenaBermudez_RegresionLogisticaGradiente/chunk_0002.txt,1298,200,2
6_Semana_AI_20250911_1_AndreyUrenaBermudez_RegresionLogisticaGradiente,paragraphs,6_Semana_AI_20250911_1_AndreyUrenaBermudez_RegresionLogisticaGradiente-p-0003,chunks_paragraphs/6_Semana_AI_20250911_1_AndreyUrenaBermudez_RegresionLogisticaGradiente/chunk_0003.txt,1600,242,3
6_Semana_AI_20250911_1_AndreyUrenaBermudez_RegresionLogisticaGradiente,paragraphs,6_Semana_AI_20250911_1_AndreyUrenaBermudez_RegresionLogisticaGradiente-p-0004,chunks_paragraphs/6_Semana_AI_20250911_1_AndreyUrenaBermudez_RegresionLogisticaGradiente/chunk_0004.txt,498,86,4
6_Semana_AI_20250911_1_AndreyUrenaBermudez_RegresionLogisticaGradiente,paragraphs,6_Semana_AI_20250911_1_AndreyUrenaBermudez_RegresionLogisticaGradiente-p-0005,chunks_paragraphs/6_Semana_AI_20250911_1_AndreyUrenaBermudez_RegresionLogisticaGradiente/chunk_0005.txt,1894,289,5
6_Semana_AI_20250911_1_AndreyUrenaBermudez_RegresionLogisticaGradiente,paragraphs,6_Semana_AI_20250911_1_AndreyUrenaBermudez_RegresionLogisticaGradiente-p-0006,chunks_paragraphs/6_Semana_AI_20250911_1_AndreyUrenaBermudez_RegresionLogisticaGradiente/chunk_0006.txt,1076,179,6
6_Semana_AI_20250911_1_AndreyUrenaBermudez_RegresionLogisticaGradiente,paragraphs,6_Semana_AI_20250911_1_AndreyUrenaBermudez_RegresionLogisticaGradiente-p-0007,chunks_paragraphs/6_Semana_AI_20250911_1_AndreyUrenaBermudez_RegresionLogisticaGradiente/chunk_0007.txt,698,105,7
6_Semana_AI_20250911_2_SahidRojasChacon_VerosimilitudRegresionLogistica,paragraphs,6_Semana_AI_20250911_2_SahidRojasChacon_VerosimilitudRegresionLogistica-p-0001,chunks_paragraphs/6_Semana_AI_20250911_2_SahidRojasChacon_VerosimilitudRegresionLogistica/chunk_0001.txt,1707,237,1
6_Semana_AI_20250911_2_SahidRojasChacon_VerosimilitudRegresionLogistica,paragraphs,6_Semana_AI_20250911_2_SahidRojasChacon_VerosimilitudRegresionLogistica-p-0002,chunks_paragraphs/6_Semana_AI_20250911_2_SahidRojasChacon_VerosimilitudRegresionLogistica/chunk_0002.txt,1680,226,2
6_Semana_AI_20250911_2_SahidRojasChacon_VerosimilitudRegresionLogistica,paragraphs,6_Semana_AI_20250911_2_SahidRojasChacon_VerosimilitudRegresionLogistica-p-0003,chunks_paragraphs/6_Semana_AI_20250911_2_SahidRojasChacon_VerosimilitudRegresionLogistica/chunk_0003.txt,1946,286,3
6_Semana_AI_20250911_2_SahidRojasChacon_VerosimilitudRegresionLogistica,paragraphs,6_Semana_AI_20250911_2_SahidRojasChacon_VerosimilitudRegresionLogistica-p-0004,chunks_paragraphs/6_Semana_AI_20250911_2_SahidRojasChacon_VerosimilitudRegresionLogistica/chunk_0004.txt,846,104,4
6_Semana_AI_20250911_2_SahidRojasChacon_VerosimilitudRegresionLogistica,paragraphs,6_Semana_AI_20250911_2_SahidRojasChacon_VerosimilitudRegresionLogistica-p-0005,chunks_paragraphs/6_Semana_AI_20250911_2_SahidRojasChacon_VerosimilitudRegresionLogistica/chunk_0005.txt,1938,242,5
6_Semana_AI_20250911_2_SahidRojasChacon_VerosimilitudRegresionLogistica,paragraphs,6_Semana_AI_20250911_2_SahidRojasChacon_VerosimilitudRegresionLogistica-p-0006,chunks_paragraphs/6_Semana_AI_20250911_2_SahidRojasChacon_VerosimilitudRegresionLogistica/chunk_0006.txt,951,125,6
6_Semana_AI_20250911_2_SahidRojasChacon_VerosimilitudRegresionLogistica,paragraphs,6_Semana_AI_20250911_2_SahidRojasChacon_VerosimilitudRegresionLogistica-p-0007,chunks_paragraphs/6_Semana_AI_20250911_2_SahidRojasChacon_VerosimilitudRegresionLogistica/chunk_0007.txt,408,64,7
7_Semana_AI_20250916_1_NelsonRojasObando_MetricasYProcesamientoDatos,paragraphs,7_Semana_AI_20250916_1_NelsonRojasObando_MetricasYProcesamientoDatos-p-0001,chunks_paragraphs/7_Semana_AI_20250916_1_NelsonRojasObando_MetricasYProcesamientoDatos/chunk_0001.txt,1953,277,1
7_Semana_AI_20250916_1_NelsonRojasObando_MetricasYProcesamientoDatos,paragraphs,7_Semana_AI_20250916_1_NelsonRojasObando_MetricasYProcesamientoDatos-p-0002,chunks_paragraphs/7_Semana_AI_20250916_1_NelsonRojasObando_MetricasYProcesamientoDatos/chunk_0002.txt,1965,276,2
7_Semana_AI_20250916_1_NelsonRojasObando_MetricasYProcesamientoDatos,paragraphs,7_Semana_AI_20250916_1_NelsonRojasObando_MetricasYProcesamientoDatos-p-0003,chunks_paragraphs/7_Semana_AI_20250916_1_NelsonRojasObando_MetricasYProcesamientoDatos/chunk_0003.txt,514,75,3
7_Semana_AI_20250916_1_NelsonRojasObando_MetricasYProcesamientoDatos,paragraphs,7_Semana_AI_20250916_1_NelsonRojasObando_MetricasYProcesamientoDatos-p-0004,chunks_paragraphs/7_Semana_AI_20250916_1_NelsonRojasObando_MetricasYProcesamientoDatos/chunk_0004.txt,1967,297,4
7_Semana_AI_20250916_1_NelsonRojasObando_MetricasYProcesamientoDatos,paragraphs,7_Semana_AI_20250916_1_NelsonRojasObando_MetricasYProcesamientoDatos-p-0005,chunks_paragraphs/7_Semana_AI_20250916_1_NelsonRojasObando_MetricasYProcesamientoDatos/chunk_0005.txt,1444,225,5
7_Semana_AI_20250916_1_NelsonRojasObando_MetricasYProcesamientoDatos,paragraphs,7_Semana_AI_20250916_1_NelsonRojasObando_MetricasYProcesamientoDatos-p-0006,chunks_paragraphs/7_Semana_AI_20250916_1_NelsonRojasObando_MetricasYProcesamientoDatos/chunk_0006.txt,1848,273,6
7_Semana_AI_20250916_1_NelsonRojasObando_MetricasYProcesamientoDatos,paragraphs,7_Semana_AI_20250916_1_NelsonRojasObando_MetricasYProcesamientoDatos-p-0007,chunks_paragraphs/7_Semana_AI_20250916_1_NelsonRojasObando_MetricasYProcesamientoDatos/chunk_0007.txt,1872,291,7
7_Semana_AI_20250916_1_NelsonRojasObando_MetricasYProcesamientoDatos,paragraphs,7_Semana_AI_20250916_1_NelsonRojasObando_MetricasYProcesamientoDatos-p-0008,chunks_paragraphs/7_Semana_AI_20250916_1_NelsonRojasObando_MetricasYProcesamientoDatos/chunk_0008.txt,1997,274,8
7_Semana_AI_20250916_1_NelsonRojasObando_MetricasYProcesamientoDatos,paragraphs,7_Semana_AI_20250916_1_NelsonRojasObando_MetricasYProcesamientoDatos-p-0009,chunks_paragraphs/7_Semana_AI_20250916_1_NelsonRojasObando_MetricasYProcesamientoDatos/chunk_0009.txt,1302,200,9
7_Semana_AI_20250916_2_RafaelVargasSolis_MetricasYProcesamiento,paragraphs,7_Semana_AI_20250916_2_RafaelVargasSolis_MetricasYProcesamiento-p-0001,chunks_paragraphs/7_Semana_AI_20250916_2_RafaelVargasSolis_MetricasYProcesamiento/chunk_0001.txt,1935,286,1
7_Semana_AI_20250916_2_RafaelVargasSolis_MetricasYProcesamiento,paragraphs,7_Semana_AI_20250916_2_RafaelVargasSolis_MetricasYProcesamiento-p-0002,chunks_paragraphs/7_Semana_AI_20250916_2_RafaelVargasSolis_MetricasYProcesamiento/chunk_0002.txt,1957,276,2
7_Semana_AI_20250916_2_RafaelVargasSolis_MetricasYProcesamiento,paragraphs,7_Semana_AI_20250916_2_RafaelVargasSolis_MetricasYProcesamiento-p-0003,chunks_paragraphs/7_Semana_AI_20250916_2_RafaelVargasSolis_MetricasYProcesamiento/chunk_0003.txt,638,102,3
7_Semana_AI_20250916_2_RafaelVargasSolis_MetricasYProcesamiento,paragraphs,7_Semana_AI_20250916_2_RafaelVargasSolis_MetricasYProcesamiento-p-0004,chunks_paragraphs/7_Semana_AI_20250916_2_RafaelVargasSolis_MetricasYProcesamiento/chunk_0004.txt,1963,284,4
7_Semana_AI_20250916_2_RafaelVargasSolis_MetricasYProcesamiento,paragraphs,7_Semana_AI_20250916_2_RafaelVargasSolis_MetricasYProcesamiento-p-0005,chunks_paragraphs/7_Semana_AI_20250916_2_RafaelVargasSolis_MetricasYProcesamiento/chunk_0005.txt,1131,171,5
7_Semana_AI_20250916_2_RafaelVargasSolis_MetricasYProcesamiento,paragraphs,7_Semana_AI_20250916_2_RafaelVargasSolis_MetricasYProcesamiento-p-0006,chunks_paragraphs/7_Semana_AI_20250916_2_RafaelVargasSolis_MetricasYProcesamiento/chunk_0006.txt,1971,286,6
7_Semana_AI_20250916_2_RafaelVargasSolis_MetricasYProcesamiento,paragraphs,7_Semana_AI_20250916_2_RafaelVargasSolis_MetricasYProcesamiento-p-0007,chunks_paragraphs/7_Semana_AI_20250916_2_RafaelVargasSolis_MetricasYProcesamiento/chunk_0007.txt,1605,219,7
7_Semana_AI_20250916_2_RafaelVargasSolis_MetricasYProcesamiento,paragraphs,7_Semana_AI_20250916_2_RafaelVargasSolis_MetricasYProcesamiento-p-0008,chunks_paragraphs/7_Semana_AI_20250916_2_RafaelVargasSolis_MetricasYProcesamiento/chunk_0008.txt,876,131,8
7_Semana_AI_20250918_1_DarioEspinozaAguilar_MetricasYDataCleaning,paragraphs,7_Semana_AI_20250918_1_DarioEspinozaAguilar_MetricasYDataCleaning-p-0001,chunks_paragraphs/7_Semana_AI_20250918_1_DarioEspinozaAguilar_MetricasYDataCleaning/chunk_0001.txt,1995,341,1
7_Semana_AI_20250918_1_DarioEspinozaAguilar_MetricasYDataCleaning,paragraphs,7_Semana_AI_20250918_1_DarioEspinozaAguilar_MetricasYDataCleaning-p-0002,chunks_paragraphs/7_Semana_AI_20250918_1_DarioEspinozaAguilar_MetricasYDataCleaning/chunk_0002.txt,1608,250,2
7_Semana_AI_20250918_1_DarioEspinozaAguilar_MetricasYDataCleaning,paragraphs,7_Semana_AI_20250918_1_DarioEspinozaAguilar_MetricasYDataCleaning-p-0003,chunks_paragraphs/7_Semana_AI_20250918_1_DarioEspinozaAguilar_MetricasYDataCleaning/chunk_0003.txt,1245,180,3
7_Semana_AI_20250918_1_DarioEspinozaAguilar_MetricasYDataCleaning,paragraphs,7_Semana_AI_20250918_1_DarioEspinozaAguilar_MetricasYDataCleaning-p-0004,chunks_paragraphs/7_Semana_AI_20250918_1_DarioEspinozaAguilar_MetricasYDataCleaning/chunk_0004.txt,1429,199,4
7_Semana_AI_20250918_2_IsaacDavidBrenesTorres_MetricasYAgentesAP2,paragraphs,7_Semana_AI_20250918_2_IsaacDavidBrenesTorres_MetricasYAgentesAP2-p-0001,chunks_paragraphs/7_Semana_AI_20250918_2_IsaacDavidBrenesTorres_MetricasYAgentesAP2/chunk_0001.txt,1821,256,1
7_Semana_AI_20250918_2_IsaacDavidBrenesTorres_MetricasYAgentesAP2,paragraphs,7_Semana_AI_20250918_2_IsaacDavidBrenesTorres_MetricasYAgentesAP2-p-0002,chunks_paragraphs/7_Semana_AI_20250918_2_IsaacDavidBrenesTorres_MetricasYAgentesAP2/chunk_0002.txt,1988,271,2
7_Semana_AI_20250918_2_IsaacDavidBrenesTorres_MetricasYAgentesAP2,paragraphs,7_Semana_AI_20250918_2_IsaacDavidBrenesTorres_MetricasYAgentesAP2-p-0003,chunks_paragraphs/7_Semana_AI_20250918_2_IsaacDavidBrenesTorres_MetricasYAgentesAP2/chunk_0003.txt,1946,281,3
7_Semana_AI_20250918_2_IsaacDavidBrenesTorres_MetricasYAgentesAP2,paragraphs,7_Semana_AI_20250918_2_IsaacDavidBrenesTorres_MetricasYAgentesAP2-p-0004,chunks_paragraphs/7_Semana_AI_20250918_2_IsaacDavidBrenesTorres_MetricasYAgentesAP2/chunk_0004.txt,1916,251,4
7_Semana_AI_20250918_2_IsaacDavidBrenesTorres_MetricasYAgentesAP2,paragraphs,7_Semana_AI_20250918_2_IsaacDavidBrenesTorres_MetricasYAgentesAP2-p-0005,chunks_paragraphs/7_Semana_AI_20250918_2_IsaacDavidBrenesTorres_MetricasYAgentesAP2/chunk_0005.txt,271,24,5
8_Semana_AI_20250923_1_BrandonEmmanuelSanchezAraya_RedesNeuronalesMNIST,paragraphs,8_Semana_AI_20250923_1_BrandonEmmanuelSanchezAraya_RedesNeuronalesMNIST-p-0001,chunks_paragraphs/8_Semana_AI_20250923_1_BrandonEmmanuelSanchezAraya_RedesNeuronalesMNIST/chunk_0001.txt,1970,287,1
8_Semana_AI_20250923_1_BrandonEmmanuelSanchezAraya_RedesNeuronalesMNIST,paragraphs,8_Semana_AI_20250923_1_BrandonEmmanuelSanchezAraya_RedesNeuronalesMNIST-p-0002,chunks_paragraphs/8_Semana_AI_20250923_1_BrandonEmmanuelSanchezAraya_RedesNeuronalesMNIST/chunk_0002.txt,1063,179,2
8_Semana_AI_20250923_1_BrandonEmmanuelSanchezAraya_RedesNeuronalesMNIST,paragraphs,8_Semana_AI_20250923_1_BrandonEmmanuelSanchezAraya_RedesNeuronalesMNIST-p-0003,chunks_paragraphs/8_Semana_AI_20250923_1_BrandonEmmanuelSanchezAraya_RedesNeuronalesMNIST/chunk_0003.txt,1951,301,3
8_Semana_AI_20250923_1_BrandonEmmanuelSanchezAraya_RedesNeuronalesMNIST,paragraphs,8_Semana_AI_20250923_1_BrandonEmmanuelSanchezAraya_RedesNeuronalesMNIST-p-0004,chunks_paragraphs/8_Semana_AI_20250923_1_BrandonEmmanuelSanchezAraya_RedesNeuronalesMNIST/chunk_0004.txt,220,42,4
8_Semana_AI_20250923_1_BrandonEmmanuelSanchezAraya_RedesNeuronalesMNIST,paragraphs,8_Semana_AI_20250923_1_BrandonEmmanuelSanchezAraya_RedesNeuronalesMNIST-p-0005,chunks_paragraphs/8_Semana_AI_20250923_1_BrandonEmmanuelSanchezAraya_RedesNeuronalesMNIST/chunk_0005.txt,1953,325,5
8_Semana_AI_20250923_1_BrandonEmmanuelSanchezAraya_RedesNeuronalesMNIST,paragraphs,8_Semana_AI_20250923_1_BrandonEmmanuelSanchezAraya_RedesNeuronalesMNIST-p-0006,chunks_paragraphs/8_Semana_AI_20250923_1_BrandonEmmanuelSanchezAraya_RedesNeuronalesMNIST/chunk_0006.txt,1866,283,6
8_Semana_AI_20250923_2_FabianDiazBarboza_RedesNeuronalesFullyConnected,paragraphs,8_Semana_AI_20250923_2_FabianDiazBarboza_RedesNeuronalesFullyConnected-p-0001,chunks_paragraphs/8_Semana_AI_20250923_2_FabianDiazBarboza_RedesNeuronalesFullyConnected/chunk_0001.txt,1687,241,1
8_Semana_AI_20250923_2_FabianDiazBarboza_RedesNeuronalesFullyConnected,paragraphs,8_Semana_AI_20250923_2_FabianDiazBarboza_RedesNeuronalesFullyConnected-p-0002,chunks_paragraphs/8_Semana_AI_20250923_2_FabianDiazBarboza_RedesNeuronalesFullyConnected/chunk_0002.txt,1952,311,2
8_Semana_AI_20250923_2_FabianDiazBarboza_RedesNeuronalesFullyConnected,paragraphs,8_Semana_AI_20250923_2_FabianDiazBarboza_RedesNeuronalesFullyConnected-p-0003,chunks_paragraphs/8_Semana_AI_20250923_2_FabianDiazBarboza_RedesNeuronalesFullyConnected/chunk_0003.txt,246,36,3
8_Semana_AI_20250923_2_FabianDiazBarboza_RedesNeuronalesFullyConnected,paragraphs,8_Semana_AI_20250923_2_FabianDiazBarboza_RedesNeuronalesFullyConnected-p-0004,chunks_paragraphs/8_Semana_AI_20250923_2_FabianDiazBarboza_RedesNeuronalesFullyConnected/chunk_0004.txt,1997,307,4
8_Semana_AI_20250923_2_FabianDiazBarboza_RedesNeuronalesFullyConnected,paragraphs,8_Semana_AI_20250923_2_FabianDiazBarboza_RedesNeuronalesFullyConnected-p-0005,chunks_paragraphs/8_Semana_AI_20250923_2_FabianDiazBarboza_RedesNeuronalesFullyConnected/chunk_0005.txt,1538,209,5
8_Semana_AI_20250925_1_GerardoAlbertoGómezBrenes_RedesNeuronales,paragraphs,8_Semana_AI_20250925_1_GerardoAlbertoGómezBrenes_RedesNeuronales-p-0001,chunks_paragraphs/8_Semana_AI_20250925_1_GerardoAlbertoGómezBrenes_RedesNeuronales/chunk_0001.txt,1989,296,1
8_Semana_AI_20250925_1_GerardoAlbertoGómezBrenes_RedesNeuronales,paragraphs,8_Semana_AI_20250925_1_GerardoAlbertoGómezBrenes_RedesNeuronales-p-0002,chunks_paragraphs/8_Semana_AI_20250925_1_GerardoAlbertoGómezBrenes_RedesNeuronales/chunk_0002.txt,1400,195,2
8_Semana_AI_20250925_1_GerardoAlbertoGómezBrenes_RedesNeuronales,paragraphs,8_Semana_AI_20250925_1_GerardoAlbertoGómezBrenes_RedesNeuronales-p-0003,chunks_paragraphs/8_Semana_AI_20250925_1_GerardoAlbertoGómezBrenes_RedesNeuronales/chunk_0003.txt,707,99,3
8_Semana_AI_20250925_2_KevinCarranzaJimenez_PerceptronYFuncionesActivacion,paragraphs,8_Semana_AI_20250925_2_KevinCarranzaJimenez_PerceptronYFuncionesActivacion-p-0001,chunks_paragraphs/8_Semana_AI_20250925_2_KevinCarranzaJimenez_PerceptronYFuncionesActivacion/chunk_0001.txt,1988,288,1
8_Semana_AI_20250925_2_KevinCarranzaJimenez_PerceptronYFuncionesActivacion,paragraphs,8_Semana_AI_20250925_2_KevinCarranzaJimenez_PerceptronYFuncionesActivacion-p-0002,chunks_paragraphs/8_Semana_AI_20250925_2_KevinCarranzaJimenez_PerceptronYFuncionesActivacion/chunk_0002.txt,1930,306,2
8_Semana_AI_20250925_2_KevinCarranzaJimenez_PerceptronYFuncionesActivacion,paragraphs,8_Semana_AI_20250925_2_KevinCarranzaJimenez_PerceptronYFuncionesActivacion-p-0003,chunks_paragraphs/8_Semana_AI_20250925_2_KevinCarranzaJimenez_PerceptronYFuncionesActivacion/chunk_0003.txt,850,144,3
8_Semana_AI_20250925_2_KevinCarranzaJimenez_PerceptronYFuncionesActivacion,paragraphs,8_Semana_AI_20250925_2_KevinCarranzaJimenez_PerceptronYFuncionesActivacion-p-0004,chunks_paragraphs/8_Semana_AI_20250925_2_KevinCarranzaJimenez_PerceptronYFuncionesActivacion/chunk_0004.txt,1998,310,4
8_Semana_AI_20250925_2_KevinCarranzaJimenez_PerceptronYFuncionesActivacion,paragraphs,8_Semana_AI_20250925_2_KevinCarranzaJimenez_PerceptronYFuncionesActivacion-p-0005,chunks_paragraphs/8_Semana_AI_20250925_2_KevinCarranzaJimenez_PerceptronYFuncionesActivacion/chunk_0005.txt,1973,292,5
8_Semana_AI_20250925_2_KevinCarranzaJimenez_PerceptronYFuncionesActivacion,paragraphs,8_Semana_AI_20250925_2_KevinCarranzaJimenez_PerceptronYFuncionesActivacion-p-0006,chunks_paragraphs/8_Semana_AI_20250925_2_KevinCarranzaJimenez_PerceptronYFuncionesActivacion/chunk_0006.txt,1839,305,6
8_Semana_AI_20250925_2_KevinCarranzaJimenez_PerceptronYFuncionesActivacion,paragraphs,8_Semana_AI_20250925_2_KevinCarranzaJimenez_PerceptronYFuncionesActivacion-p-0007,chunks_paragraphs/8_Semana_AI_20250925_2_KevinCarranzaJimenez_PerceptronYFuncionesActivacion/chunk_0007.txt,1942,282,7
8_Semana_AI_20250925_2_KevinCarranzaJimenez_PerceptronYFuncionesActivacion,paragraphs,8_Semana_AI_20250925_2_KevinCarranzaJimenez_PerceptronYFuncionesActivacion-p-0008,chunks_paragraphs/8_Semana_AI_20250925_2_KevinCarranzaJimenez_PerceptronYFuncionesActivacion/chunk_0008.txt,1758,263,8
8_Semana_AI_20250925_2_KevinCarranzaJimenez_PerceptronYFuncionesActivacion,paragraphs,8_Semana_AI_20250925_2_KevinCarranzaJimenez_PerceptronYFuncionesActivacion-p-0009,chunks_paragraphs/8_Semana_AI_20250925_2_KevinCarranzaJimenez_PerceptronYFuncionesActivacion/chunk_0009.txt,581,88,9
9_Semana_AI_20251002_1_PriscillaJimenezSalgado_FuncionesActivacionYBackprop,paragraphs,9_Semana_AI_20251002_1_PriscillaJimenezSalgado_FuncionesActivacionYBackprop-p-0001,chunks_paragraphs/9_Semana_AI_20251002_1_PriscillaJimenezSalgado_FuncionesActivacionYBackprop/chunk_0001.txt,1931,294,1
9_Semana_AI_20251002_1_PriscillaJimenezSalgado_FuncionesActivacionYBackprop,paragraphs,9_Semana_AI_20251002_1_PriscillaJimenezSalgado_FuncionesActivacionYBackprop-p-0002,chunks_paragraphs/9_Semana_AI_20251002_1_PriscillaJimenezSalgado_FuncionesActivacionYBackprop/chunk_0002.txt,1038,163,2
9_Semana_AI_20251002_1_PriscillaJimenezSalgado_FuncionesActivacionYBackprop,paragraphs,9_Semana_AI_20251002_1_PriscillaJimenezSalgado_FuncionesActivacionYBackprop-p-0003,chunks_paragraphs/9_Semana_AI_20251002_1_PriscillaJimenezSalgado_FuncionesActivacionYBackprop/chunk_0003.txt,1927,309,3
9_Semana_AI_20251002_1_PriscillaJimenezSalgado_FuncionesActivacionYBackprop,paragraphs,9_Semana_AI_20251002_1_PriscillaJimenezSalgado_FuncionesActivacionYBackprop-p-0004,chunks_paragraphs/9_Semana_AI_20251002_1_PriscillaJimenezSalgado_FuncionesActivacionYBackprop/chunk_0004.txt,636,97,4
9_Semana_AI_20251002_1_PriscillaJimenezSalgado_FuncionesActivacionYBackprop,paragraphs,9_Semana_AI_20251002_1_PriscillaJimenezSalgado_FuncionesActivacionYBackprop-p-0005,chunks_paragraphs/9_Semana_AI_20251002_1_PriscillaJimenezSalgado_FuncionesActivacionYBackprop/chunk_0005.txt,1999,308,5
9_Semana_AI_20251002_1_PriscillaJimenezSalgado_FuncionesActivacionYBackprop,paragraphs,9_Semana_AI_20251002_1_PriscillaJimenezSalgado_FuncionesActivacionYBackprop-p-0006,chunks_paragraphs/9_Semana_AI_20251002_1_PriscillaJimenezSalgado_FuncionesActivacionYBackprop/chunk_0006.txt,467,74,6
9_Semana_AI_20251002_1_PriscillaJimenezSalgado_FuncionesActivacionYBackprop,paragraphs,9_Semana_AI_20251002_1_PriscillaJimenezSalgado_FuncionesActivacionYBackprop-p-0007,chunks_paragraphs/9_Semana_AI_20251002_1_PriscillaJimenezSalgado_FuncionesActivacionYBackprop/chunk_0007.txt,1913,302,7
9_Semana_AI_20251002_1_PriscillaJimenezSalgado_FuncionesActivacionYBackprop,paragraphs,9_Semana_AI_20251002_1_PriscillaJimenezSalgado_FuncionesActivacionYBackprop-p-0008,chunks_paragraphs/9_Semana_AI_20251002_1_PriscillaJimenezSalgado_FuncionesActivacionYBackprop/chunk_0008.txt,668,100,8
9_Semana_AI_20251002_1_PriscillaJimenezSalgado_FuncionesActivacionYBackprop,paragraphs,9_Semana_AI_20251002_1_PriscillaJimenezSalgado_FuncionesActivacionYBackprop-p-0009,chunks_paragraphs/9_Semana_AI_20251002_1_PriscillaJimenezSalgado_FuncionesActivacionYBackprop/chunk_0009.txt,1938,287,9
9_Semana_AI_20251002_1_PriscillaJimenezSalgado_FuncionesActivacionYBackprop,paragraphs,9_Semana_AI_20251002_1_PriscillaJimenezSalgado_FuncionesActivacionYBackprop-p-0010,chunks_paragraphs/9_Semana_AI_20251002_1_PriscillaJimenezSalgado_FuncionesActivacionYBackprop/chunk_0010.txt,109,21,10
9_Semana_AI_20251002_1_PriscillaJimenezSalgado_FuncionesActivacionYBackprop,paragraphs,9_Semana_AI_20251002_1_PriscillaJimenezSalgado_FuncionesActivacionYBackprop-p-0011,chunks_paragraphs/9_Semana_AI_20251002_1_PriscillaJimenezSalgado_FuncionesActivacionYBackprop/chunk_0011.txt,1983,288,11
9_Semana_AI_20251002_1_PriscillaJimenezSalgado_FuncionesActivacionYBackprop,paragraphs,9_Semana_AI_20251002_1_PriscillaJimenezSalgado_FuncionesActivacionYBackprop-p-0012,chunks_paragraphs/9_Semana_AI_20251002_1_PriscillaJimenezSalgado_FuncionesActivacionYBackprop/chunk_0012.txt,1770,268,12
9_Semana_AI_20251002_1_PriscillaJimenezSalgado_FuncionesActivacionYBackprop,paragraphs,9_Semana_AI_20251002_1_PriscillaJimenezSalgado_FuncionesActivacionYBackprop-p-0013,chunks_paragraphs/9_Semana_AI_20251002_1_PriscillaJimenezSalgado_FuncionesActivacionYBackprop/chunk_0013.txt,1972,305,13
9_Semana_AI_20251002_1_PriscillaJimenezSalgado_FuncionesActivacionYBackprop,paragraphs,9_Semana_AI_20251002_1_PriscillaJimenezSalgado_FuncionesActivacionYBackprop-p-0014,chunks_paragraphs/9_Semana_AI_20251002_1_PriscillaJimenezSalgado_FuncionesActivacionYBackprop/chunk_0014.txt,509,83,14
9_Semana_AI_20251002_2_JavierAlonsoRojasRojas_AgentesLLMYRedesNeuronales,paragraphs,9_Semana_AI_20251002_2_JavierAlonsoRojasRojas_AgentesLLMYRedesNeuronales-p-0001,chunks_paragraphs/9_Semana_AI_20251002_2_JavierAlonsoRojasRojas_AgentesLLMYRedesNeuronales/chunk_0001.txt,1998,306,1
9_Semana_AI_20251002_2_JavierAlonsoRojasRojas_AgentesLLMYRedesNeuronales,paragraphs,9_Semana_AI_20251002_2_JavierAlonsoRojasRojas_AgentesLLMYRedesNeuronales-p-0002,chunks_paragraphs/9_Semana_AI_20251002_2_JavierAlonsoRojasRojas_AgentesLLMYRedesNeuronales/chunk_0002.txt,1894,291,2
9_Semana_AI_20251002_2_JavierAlonsoRojasRojas_AgentesLLMYRedesNeuronales,paragraphs,9_Semana_AI_20251002_2_JavierAlonsoRojasRojas_AgentesLLMYRedesNeuronales-p-0003,chunks_paragraphs/9_Semana_AI_20251002_2_JavierAlonsoRojasRojas_AgentesLLMYRedesNeuronales/chunk_0003.txt,228,39,3
9_Semana_AI_20251002_2_JavierAlonsoRojasRojas_AgentesLLMYRedesNeuronales,paragraphs,9_Semana_AI_20251002_2_JavierAlonsoRojasRojas_AgentesLLMYRedesNeuronales-p-0004,chunks_paragraphs/9_Semana_AI_20251002_2_JavierAlonsoRojasRojas_AgentesLLMYRedesNeuronales/chunk_0004.txt,1943,291,4
9_Semana_AI_20251002_2_JavierAlonsoRojasRojas_AgentesLLMYRedesNeuronales,paragraphs,9_Semana_AI_20251002_2_JavierAlonsoRojasRojas_AgentesLLMYRedesNeuronales-p-0005,chunks_paragraphs/9_Semana_AI_20251002_2_JavierAlonsoRojasRojas_AgentesLLMYRedesNeuronales/chunk_0005.txt,1339,201,5
9_Semana_AI_20251002_2_JavierAlonsoRojasRojas_AgentesLLMYRedesNeuronales,paragraphs,9_Semana_AI_20251002_2_JavierAlonsoRojasRojas_AgentesLLMYRedesNeuronales-p-0006,chunks_paragraphs/9_Semana_AI_20251002_2_JavierAlonsoRojasRojas_AgentesLLMYRedesNeuronales/chunk_0006.txt,1890,304,6
9_Semana_AI_20251002_2_JavierAlonsoRojasRojas_AgentesLLMYRedesNeuronales,paragraphs,9_Semana_AI_20251002_2_JavierAlonsoRojasRojas_AgentesLLMYRedesNeuronales-p-0007,chunks_paragraphs/9_Semana_AI_20251002_2_JavierAlonsoRojasRojas_AgentesLLMYRedesNeuronales/chunk_0007.txt,1696,274,7
9_Semana_AI_20251002_2_JavierAlonsoRojasRojas_AgentesLLMYRedesNeuronales,paragraphs,9_Semana_AI_20251002_2_JavierAlonsoRojasRojas_AgentesLLMYRedesNeuronales-p-0008,chunks_paragraphs/9_Semana_AI_20251002_2_JavierAlonsoRojasRojas_AgentesLLMYRedesNeuronales/chunk_0008.txt,1998,308,8
9_Semana_AI_20251002_2_JavierAlonsoRojasRojas_AgentesLLMYRedesNeuronales,paragraphs,9_Semana_AI_20251002_2_JavierAlonsoRojasRojas_AgentesLLMYRedesNeuronales-p-0009,chunks_paragraphs/9_Semana_AI_20251002_2_JavierAlonsoRojasRojas_AgentesLLMYRedesNeuronales/chunk_0009.txt,659,105,9
9_Semana_AI_20251002_2_JavierAlonsoRojasRojas_AgentesLLMYRedesNeuronales,paragraphs,9_Semana_AI_20251002_2_JavierAlonsoRojasRojas_AgentesLLMYRedesNeuronales-p-0010,chunks_paragraphs/9_Semana_AI_20251002_2_JavierAlonsoRojasRojas_AgentesLLMYRedesNeuronales/chunk_0010.txt,1171,189,10
